{"train/train_loss": 0.0002946991298813373, "train/epoch": 3450, "train/accuracy": 100.0, "train/validation_accuracy": 92.85714030265808, "train/validation_loss": 0.09231418371200562, "_timestamp": 1681522660.4707916, "_runtime": 64.61426663398743, "_step": 69, "gradients/fc2.bias": {"_type": "histogram", "values": [1.0, 0.0, 0.0, 0.0, 0.0, 0.0, 0.0, 0.0, 0.0, 0.0, 0.0, 0.0, 0.0, 0.0, 0.0, 1.0, 0.0, 1.0, 0.0, 0.0, 1.0, 0.0, 0.0, 0.0, 0.0, 0.0, 0.0, 1.0, 0.0, 0.0, 0.0, 0.0, 0.0, 0.0, 0.0, 1.0, 0.0, 0.0, 0.0, 0.0, 0.0, 0.0, 0.0, 0.0, 0.0, 0.0, 0.0, 0.0, 0.0, 0.0, 0.0, 0.0, 0.0, 0.0, 0.0, 0.0, 0.0, 0.0, 0.0, 0.0, 0.0, 0.0, 0.0, 1.0], "bins": [-5.403769318945706e-05, -5.19411223649513e-05, -4.9844555178424343e-05, -4.774798435391858e-05, -4.565141716739163e-05, -4.355484634288587e-05, -4.1458275518380105e-05, -3.936170833185315e-05, -3.72651411453262e-05, -3.5168570320820436e-05, -3.307200313429348e-05, -3.097543230978772e-05, -2.8878865123260766e-05, -2.6782294298755005e-05, -2.4685725293238647e-05, -2.258915628772229e-05, -2.0492585463216528e-05, -1.839601645770017e-05, -1.6299447452183813e-05, -1.4202877537172753e-05, -1.2106308531656396e-05, -1.0009739526140038e-05, -7.913169611128978e-06, -5.816600605612621e-06, -3.7200297811068594e-06, -1.6234605482168263e-06, 4.731086846732069e-07, 2.5696781449369155e-06, 4.666247150453273e-06, 6.762816155969631e-06, 8.85938607098069e-06, 1.0955955076497048e-05, 1.3052522263024002e-05, 1.514909126854036e-05, 1.7245660274056718e-05, 1.934223109856248e-05, 2.1438798285089433e-05, 2.3535369109595194e-05, 2.5631938115111552e-05, 2.772850712062791e-05, 2.9825074307154864e-05, 3.1921645131660625e-05, 3.401821231818758e-05, 3.611478314269334e-05, 3.8211350329220295e-05, 4.0307921153726056e-05, 4.240449197823182e-05, 4.450105916475877e-05, 4.659762998926453e-05, 4.8694200813770294e-05, 5.079076800029725e-05, 5.288733882480301e-05, 5.4983906011329964e-05, 5.7080476835835725e-05, 5.917704402236268e-05, 6.127361848484725e-05, 6.33701856713742e-05, 6.546675285790116e-05, 6.756332732038572e-05, 6.965989450691268e-05, 7.175646169343963e-05, 7.385302887996659e-05, 7.594960334245116e-05, 7.804617052897811e-05, 8.014273771550506e-05]}, "gradients/fc2.weight": {"_type": "histogram", "values": [1.0, 0.0, 0.0, 0.0, 0.0, 0.0, 0.0, 1.0, 1.0, 1.0, 3.0, 1.0, 4.0, 3.0, 6.0, 8.0, 7.0, 12.0, 12.0, 13.0, 10.0, 21.0, 27.0, 30.0, 28.0, 29.0, 44.0, 47.0, 48.0, 49.0, 77.0, 602.0, 185.0, 102.0, 79.0, 65.0, 48.0, 44.0, 37.0, 29.0, 22.0, 18.0, 14.0, 10.0, 12.0, 6.0, 14.0, 5.0, 2.0, 1.0, 1.0, 1.0, 2.0, 0.0, 2.0, 1.0, 1.0, 2.0, 0.0, 2.0, 1.0, 0.0, 0.0, 1.0], "bins": [-0.006145498715341091, -0.005952470935881138, -0.005759442690759897, -0.005566414911299944, -0.005373386666178703, -0.00518035888671875, -0.004987330641597509, -0.004794302862137556, -0.0046012746170163155, -0.004408246837556362, -0.0042152185924351215, -0.004022190812975168, -0.0038291625678539276, -0.0036361345555633307, -0.0034431065432727337, -0.0032500787638127804, -0.0030570507515221834, -0.0028640227392315865, -0.0026709947269409895, -0.0024779667146503925, -0.0022849387023597956, -0.0020919106900691986, -0.0018988827941939235, -0.0017058547819033265, -0.0015128268860280514, -0.0013197988737374544, -0.0011267708614468575, -0.0009337429073639214, -0.0007407148950733244, -0.0005476868827827275, -0.00035465892869979143, -0.00016163091640919447, 3.139721229672432e-05, 0.00022442521003540605, 0.0004174532077740878, 0.0006104811909608543, 0.0008035092032514513, 0.0009965372737497091, 0.0011895651696249843, 0.0013825931819155812, 0.0015756213106215, 0.001768649322912097, 0.001961677335202694, 0.002154705347493291, 0.002347733359783888, 0.002540761372074485, 0.002733789384365082, 0.002926817163825035, 0.003119845176115632, 0.003312873188406229, 0.003505901200696826, 0.003698929212987423, 0.00389195722527802, 0.004084985237568617, 0.00427801301702857, 0.004471041262149811, 0.004664069041609764, 0.004857096821069717, 0.005050125066190958, 0.005243152845650911, 0.005436181090772152, 0.005629208870232105, 0.005822237115353346, 0.006015264894813299, 0.00620829313993454]}, "gradients/fc1.bias": {"_type": "histogram", "values": [1.0, 1.0, 0.0, 0.0, 0.0, 0.0, 1.0, 0.0, 1.0, 2.0, 2.0, 1.0, 1.0, 0.0, 1.0, 2.0, 1.0, 4.0, 2.0, 8.0, 7.0, 10.0, 7.0, 8.0, 7.0, 6.0, 11.0, 8.0, 65.0, 14.0, 8.0, 5.0, 7.0, 9.0, 4.0, 10.0, 2.0, 6.0, 5.0, 1.0, 5.0, 1.0, 2.0, 6.0, 2.0, 2.0, 4.0, 3.0, 0.0, 1.0, 1.0, 0.0, 0.0, 0.0, 0.0, 0.0, 0.0, 0.0, 0.0, 0.0, 0.0, 0.0, 0.0, 1.0], "bins": [-7.933978849905543e-06, -7.65660388424294e-06, -7.379228918580338e-06, -7.101853498170385e-06, -6.824478532507783e-06, -6.5471035668451805e-06, -6.269728146435227e-06, -5.992353180772625e-06, -5.7149782151100226e-06, -5.43760324944742e-06, -5.160228283784818e-06, -4.882852863374865e-06, -4.605477897712262e-06, -4.32810293204966e-06, -4.050727511639707e-06, -3.7733525459771045e-06, -3.495977580314502e-06, -3.2186026146518998e-06, -2.941227421615622e-06, -2.6638522285793442e-06, -2.386477262916742e-06, -2.1091022972541396e-06, -1.8317271042178618e-06, -1.554351911181584e-06, -1.2769769455189817e-06, -9.996018661695416e-07, -7.222267868201016e-07, -4.448517074706615e-07, -1.6747662812122144e-07, 1.0989845122821862e-07, 3.872735305776587e-07, 6.646487236139365e-07, 9.420236892765388e-07, 1.2193987686259788e-06, 1.496773847975419e-06, 1.774148927324859e-06, 2.051524006674299e-06, 2.3288989723369014e-06, 2.606274165373179e-06, 2.883649358409457e-06, 3.1610243240720592e-06, 3.4383992897346616e-06, 3.7157744827709394e-06, 3.993149675807217e-06, 4.2705246414698195e-06, 4.547899607132422e-06, 4.825275027542375e-06, 5.102649993204977e-06, 5.38002495886758e-06, 5.657399924530182e-06, 5.934774890192784e-06, 6.212150310602738e-06, 6.48952527626534e-06, 6.766900241927942e-06, 7.0442756623378955e-06, 7.321650628000498e-06, 7.5990255936631e-06, 7.876400559325702e-06, 8.153775524988305e-06, 8.431150490650907e-06, 8.708526365808211e-06, 8.985901331470814e-06, 9.263276297133416e-06, 9.540651262796018e-06, 9.81802622845862e-06]}, "gradients/fc1.weight": {"_type": "histogram", "values": [5.0, 2.0, 3.0, 8.0, 5.0, 12.0, 30.0, 31.0, 103.0, 163.0, 185.0, 164.0, 172.0, 227.0, 321.0, 513.0, 619.0, 544.0, 658.0, 890.0, 969.0, 1117.0, 1319.0, 1824.0, 2847.0, 4067.0, 5424.0, 6714.0, 9227.0, 12607.0, 15755.0, 21547.0, 38740.0, 132488.0, 488523.0, 91707.0, 31544.0, 18395.0, 13827.0, 10986.0, 8222.0, 5808.0, 4152.0, 3063.0, 2416.0, 1889.0, 1651.0, 1437.0, 1078.0, 668.0, 461.0, 314.0, 164.0, 84.0, 78.0, 63.0, 37.0, 16.0, 10.0, 4.0, 2.0, 7.0, 9.0, 5.0],