{"train/train_loss": 0.0015950006200000644, "train/epoch": 2950, "train/accuracy": 100.0, "train/validation_accuracy": 78.2608687877655, "train/validation_loss": 0.01771258400834125, "_timestamp": 1681674147.206447, "_runtime": 52.934218883514404, "_step": 60, "gradients/fc2.bias": {"_type": "histogram", "values": [1.0, 0.0, 0.0, 0.0, 0.0, 0.0, 0.0, 0.0, 0.0, 0.0, 0.0, 0.0, 0.0, 0.0, 0.0, 0.0, 0.0, 0.0, 0.0, 0.0, 0.0, 0.0, 0.0, 0.0, 0.0, 0.0, 0.0, 0.0, 0.0, 0.0, 0.0, 0.0, 1.0, 0.0, 0.0, 1.0, 0.0, 1.0, 0.0, 0.0, 0.0, 0.0, 0.0, 0.0, 0.0, 0.0, 0.0, 0.0, 0.0, 2.0, 0.0, 0.0, 0.0, 0.0, 1.0, 2.0, 0.0, 0.0, 0.0, 0.0, 0.0, 1.0, 0.0, 1.0], "bins": [-0.0001170086397905834, -0.00011440583330113441, -0.00011180302681168541, -0.00010920022032223642, -0.00010659740655682981, -0.00010399460006738082, -0.00010139179357793182, -9.878898708848283e-05, -9.618618059903383e-05, -9.358337410958484e-05, -9.098056762013584e-05, -8.837775385472924e-05, -8.577494736528024e-05, -8.317214087583125e-05, -8.056933438638225e-05, -7.796652789693326e-05, -7.536371413152665e-05, -7.276090764207765e-05, -7.015810115262866e-05, -6.755528738722205e-05, -6.495248089777306e-05, -6.234967440832406e-05, -5.974686791887507e-05, -5.7144061429426074e-05, -5.454125493997708e-05, -5.1938448450528085e-05, -4.9335638323100284e-05, -4.673283183365129e-05, -4.413002170622349e-05, -4.1527215216774493e-05, -3.89244087273255e-05, -3.6321602237876505e-05, -3.371879574842751e-05, -3.1115989258978516e-05, -2.8513179131550714e-05, -2.591037264210172e-05, -2.3307564333663322e-05, -2.0704756025224924e-05, -1.810194953577593e-05, -1.5499141227337532e-05, -1.2896329280920327e-05, -1.0293520972481929e-05, -7.690713573538233e-06, -5.0879061745945364e-06, -2.4850978661561385e-06, 1.1771044228225946e-07, 2.720516931731254e-06, 5.323325240169652e-06, 7.926129910629243e-06, 1.052893821906764e-05, 1.3131745618011337e-05, 1.5734553016955033e-05, 1.833736132539343e-05, 2.094016963383183e-05, 2.3542976123280823e-05, 2.614578443171922e-05, 2.874859274015762e-05, 3.1351399229606614e-05, 3.3954209357034415e-05, 3.655701584648341e-05, 3.9159822335932404e-05, 4.1762632463360205e-05, 4.43654389528092e-05, 4.6968249080237e-05, 4.9571055569685996e-05]}, "gradients/fc2.weight": {"_type": "histogram", "values": [1.0, 0.0, 1.0, 0.0, 0.0, 1.0, 1.0, 2.0, 0.0, 1.0, 4.0, 2.0, 1.0, 6.0, 7.0, 6.0, 8.0, 7.0, 13.0, 22.0, 12.0, 20.0, 18.0, 35.0, 40.0, 38.0, 62.0, 53.0, 54.0, 88.0, 90.0, 84.0, 135.0, 1050.0, 194.0, 161.0, 152.0, 91.0, 62.0, 57.0, 59.0, 27.0, 41.0, 20.0, 16.0, 13.0, 10.0, 13.0, 11.0, 10.0, 6.0, 2.0, 0.0, 0.0, 2.0, 3.0, 2.0, 0.0, 0.0, 0.0, 1.0, 0.0, 0.0, 1.0], "bins": [-0.006471967790275812, -0.006277319975197315, -0.006082672160118818, -0.005888024345040321, -0.005693376529961824, -0.0054987287148833275, -0.0053040808998048306, -0.005109433084726334, -0.004914785269647837, -0.00472013745456934, -0.004525489639490843, -0.004330841824412346, -0.004136194009333849, -0.003941546194255352, -0.003746898379176855, -0.003552250564098358, -0.0033576027490198612, -0.0031629549339413643, -0.0029683071188628674, -0.0027736593037843704, -0.0025790114887058735, -0.0023843636736273766, -0.0021897158585488796, -0.0019950680434703827, -0.0018004202283918858, -0.0016057724133133888, -0.0014111245982348919, -0.001216476783156395, -0.001021828968077898, -0.0008271811529994011, -0.0006325333379209042, -0.0004378855228424072, -0.0002432381734251976, -4.859035834670067e-05, 0.00014605745673179626, 0.0003407052718102932, 0.0005353530868887901, 0.0007300009019672871, 0.000924648717045784, 0.001119296532124281, 0.0013139443472027779, 0.0015085921622812748, 0.0017032399773597717, 0.0018978877924382687, 0.0020925356075167656, 0.0022871834225952625, 0.0024818312376737595, 0.0026764790527522564, 0.0028711268678307533, 0.0030657746829092503, 0.003260422497987747, 0.003455070313066244, 0.003649718128144741, 0.003844365943223238, 0.004039013758301735, 0.004233661573380232, 0.004428309388458729, 0.004622957203537226, 0.004817605018615723, 0.00501225283369422, 0.0052069006487727165, 0.0054015484638512135, 0.00559619627892971, 0.005790844094008207, 0.005985491909086704]}, "gradients/fc1.bias": {"_type": "histogram", "values": [2.0, 0.0, 0.0, 1.0, 1.0, 0.0, 2.0, 2.0, 1.0, 2.0, 2.0, 1.0, 4.0, 2.0, 2.0, 0.0, 4.0, 2.0, 3.0, 3.0, 1.0, 2.0, 5.0, 6.0, 5.0, 5.0, 7.0, 9.0, 13.0, 13.0, 56.0, 11.0, 10.0, 8.0, 3.0, 7.0, 0.0, 4.0, 5.0, 7.0, 6.0, 8.0, 5.0, 5.0, 5.0, 1.0, 1.0, 3.0, 0.0, 0.0, 0.0, 1.0, 2.0, 2.0, 0.0, 1.0, 0.0, 1.0, 1.0, 1.0, 0.0, 0.0, 1.0, 1.0], "bins": [-1.1596344847930595e-05, -1.1221527529414743e-05, -1.0846710210898891e-05, -1.0471892892383039e-05, -1.0097075573867187e-05, -9.722259164846037e-06, -9.347441846330184e-06, -8.972624527814332e-06, -8.59780720929848e-06, -8.222989890782628e-06, -7.848172572266776e-06, -7.473355708498275e-06, -7.098538389982423e-06, -6.723721071466571e-06, -6.3489042076980695e-06, -5.974086889182217e-06, -5.599269570666365e-06, -5.224452252150513e-06, -4.849634933634661e-06, -4.47481806986616e-06, -4.100000751350308e-06, -3.7251834328344557e-06, -3.350366341692279e-06, -2.9755492505501024e-06, -2.6007319320342503e-06, -2.2259146135183983e-06, -1.8510975223762216e-06, -1.4762803175472072e-06, -1.1014631127181929e-06, -7.266459078891785e-07, -3.518287030601641e-07, 2.2988388082012534e-08, 3.9780570659786463e-07, 7.72622911426879e-07, 1.1474401162558934e-06, 1.5222573210849077e-06, 1.8970745259139221e-06, 2.271891844429774e-06, 2.646708935571951e-06, 3.0215260267141275e-06, 3.3963433452299796e-06, 3.7711606637458317e-06, 4.145977982261684e-06, 4.520794846030185e-06, 4.895612164546037e-06, 5.270429483061889e-06, 5.64524634683039e-06, 6.0200636653462425e-06, 6.394880983862095e-06, 6.769698302377947e-06, 7.144515620893799e-06, 7.5193324846623e-06, 7.894150257925503e-06, 8.268966666946653e-06, 8.643783985462505e-06, 9.018601303978357e-06, 9.39341862249421e-06, 9.768235941010062e-06, 1.0143053259525914e-05, 1.0517870578041766e-05, 1.0892686987062916e-05, 1.1267504305578768e-05, 1.164232162409462e-05, 1.2017138942610472e-05, 1.2391956261126325e-05]}, "gradients/fc1.weight": {"_type": "histogram", "values": [13.0, 23.0, 36.0, 37.0, 33.0, 42.0, 45.0, 57.0, 102.0, 172.0, 169.0, 227.0, 259.0, 255.0, 288.0, 387.0, 496.0, 625.0, 686.0, 915.0, 1197.0, 1501.0, 1930.0, 2503.0, 3387.0, 4483.0, 6190.0, 8949.0, 12548.0, 19158.0, 31822.0, 57400.0, 112003.0, 401748.0, 120423.0, 60759.0, 32164.0, 18869.0, 12136.0, 8591.0, 6118.0, 4163.0, 2953.0, 2187.0, 1861.0, 1458.0, 1191.0, 913.0, 729.0, 479.0, 339.0, 233.0, 165.0, 122.0, 89.0, 66.0, 46.0, 54.0, 40.0, 31.0, 29.0, 15.0, 7.0, 4.0],