{"epoch/loss": 9.073944966075942e-05, "epoch/val_loss": 0.13570837676525116, "epoch/epoch": 331, "_timestamp": 1681670966.016258, "_runtime": 1371.2716209888458, "_step": 331}