{"train/train_loss": 1.6970769166946411, "train/epoch": 950, "train/accuracy": 50.0, "train/validation_accuracy": 50.0, "train/validation_loss": 1.2261441946029663, "_timestamp": 1676683719.6506178, "_runtime": 12.356576919555664, "_step": 20, "gradients/fc2.bias": {"_type": "histogram", "values": [1.0, 0.0, 0.0, 0.0, 0.0, 0.0, 0.0, 0.0, 0.0, 0.0, 0.0, 0.0, 0.0, 0.0, 0.0, 0.0, 0.0, 0.0, 0.0, 0.0, 0.0, 0.0, 0.0, 0.0, 0.0, 0.0, 0.0, 0.0, 0.0, 0.0, 0.0, 0.0, 0.0, 0.0, 0.0, 0.0, 0.0, 0.0, 0.0, 0.0, 0.0, 0.0, 0.0, 0.0, 0.0, 0.0, 0.0, 0.0, 0.0, 0.0, 0.0, 0.0, 0.0, 0.0, 0.0, 0.0, 0.0, 0.0, 0.0, 0.0, 0.0, 0.0, 0.0, 1.0], "bins": [-0.493673175573349, -0.47824588418006897, -0.46281859278678894, -0.4473913013935089, -0.43196403980255127, -0.41653674840927124, -0.4011094570159912, -0.3856821656227112, -0.37025487422943115, -0.3548275828361511, -0.3394002914428711, -0.32397300004959106, -0.30854570865631104, -0.293118417263031, -0.27769115567207336, -0.26226386427879333, -0.2468365728855133, -0.23140928149223328, -0.21598199009895325, -0.2005547136068344, -0.18512742221355438, -0.16970013082027435, -0.15427285432815552, -0.1388455629348755, -0.12341827154159546, -0.10799098014831543, -0.092563696205616, -0.07713641226291656, -0.061709120869636536, -0.046281829476356506, -0.030854545533657074, -0.015427261590957642, 2.9802322387695312e-08, 0.015427317470312119, 0.03085460513830185, 0.04628189280629158, 0.06170918047428131, 0.07713647186756134, 0.09256375581026077, 0.1079910397529602, 0.12341833114624023, 0.13884562253952026, 0.1542729139328003, 0.16970019042491913, 0.18512748181819916, 0.2005547732114792, 0.21598204970359802, 0.23140934109687805, 0.24683663249015808, 0.2622639238834381, 0.27769121527671814, 0.29311850666999817, 0.3085457682609558, 0.32397305965423584, 0.33940035104751587, 0.3548276424407959, 0.3702549338340759, 0.38568222522735596, 0.401109516620636, 0.416536808013916, 0.43196409940719604, 0.4473913908004761, 0.4628186523914337, 0.47824594378471375, 0.4936732351779938]}, "gradients/fc2.weight": {"_type": "histogram", "values": [1.0, 0.0, 0.0, 0.0, 0.0, 0.0, 0.0, 0.0, 0.0, 0.0, 0.0, 1.0, 0.0, 2.0, 1.0, 0.0, 2.0, 4.0, 1.0, 3.0, 2.0, 2.0, 1.0, 3.0, 0.0, 2.0, 2.0, 1.0, 1.0, 2.0, 1.0, 63.0, 1.0, 1.0, 2.0, 1.0, 1.0, 2.0, 2.0, 0.0, 3.0, 1.0, 2.0, 2.0, 3.0, 1.0, 4.0, 2.0, 0.0, 1.0, 2.0, 0.0, 1.0, 0.0, 0.0, 0.0, 0.0, 0.0, 0.0, 0.0, 0.0, 0.0, 0.0, 1.0], "bins": [-2460.9208984375, -2384.01708984375, -2307.11328125, -2230.20947265625, -2153.3056640625, -2076.40185546875, -1999.4981689453125, -1922.594482421875, -1845.690673828125, -1768.786865234375, -1691.883056640625, -1614.979248046875, -1538.0755615234375, -1461.1717529296875, -1384.2679443359375, -1307.3642578125, -1230.4603271484375, -1153.5565185546875, -1076.6527099609375, -999.7489624023438, -922.84521484375, -845.94140625, -769.03759765625, -692.1338500976562, -615.22998046875, -538.326171875, -461.42242431640625, -384.51861572265625, -307.6148376464844, -230.7110595703125, -153.8072509765625, -76.90350341796875, 0.000244140625, 76.9040298461914, 153.8078155517578, 230.71160888671875, 307.6153869628906, 384.5191650390625, 461.4229736328125, 538.3267211914062, 615.23046875, 692.13427734375, 769.0380249023438, 845.9418334960938, 922.8455810546875, 999.7493896484375, 1076.6531982421875, 1153.556884765625, 1230.4608154296875, 1307.3646240234375, 1384.2684326171875, 1461.172119140625, 1538.075927734375, 1614.979736328125, 1691.883544921875, 1768.787353515625, 1845.691162109375, 1922.594970703125, 1999.498779296875, 2076.402587890625, 2153.306396484375, 2230.2099609375, 2307.11376953125, 2384.017578125, 2460.92138671875]}, "gradients/fc1.bias": {"_type": "histogram", "values": [1.0, 0.0, 0.0, 0.0, 0.0, 1.0, 0.0, 0.0, 0.0, 0.0, 1.0, 0.0, 0.0, 0.0, 1.0, 0.0, 0.0, 1.0, 0.0, 0.0, 2.0, 2.0, 0.0, 1.0, 0.0, 0.0, 0.0, 0.0, 0.0, 4.0, 0.0, 2.0, 34.0, 0.0, 0.0, 2.0, 0.0, 2.0, 0.0, 0.0, 0.0, 0.0, 1.0, 1.0, 0.0, 0.0, 0.0, 0.0, 0.0, 1.0, 0.0, 1.0, 1.0, 1.0, 0.0, 0.0, 0.0, 1.0, 1.0, 1.0, 0.0, 0.0, 0.0, 1.0], "bins": [-0.06596390157938004, -0.06395579129457474, -0.06194768846035004, -0.05993958190083504, -0.05793147534132004, -0.05592336505651474, -0.05391525849699974, -0.05190715193748474, -0.04989904537796974, -0.04789093881845474, -0.04588283225893974, -0.043874725699424744, -0.041866615414619446, -0.039858512580394745, -0.03785040229558945, -0.03584229573607445, -0.03383418917655945, -0.03182608261704445, -0.02981797605752945, -0.0278098676353693, -0.0258017610758543, -0.023793654516339302, -0.021785546094179153, -0.019777439534664154, -0.017769332975149155, -0.015761226415634155, -0.013753118924796581, -0.011745011433959007, -0.009736904874444008, -0.0077287983149290085, -0.0057206908240914345, -0.0037125833332538605, -0.001704476773738861, 0.0003036302514374256, 0.0023117372766137123, 0.004319844301789999, 0.006327951326966286, 0.008336057886481285, 0.010344165377318859, 0.012352272868156433, 0.014360379427671432, 0.016368485987186432, 0.01837659254670143, 0.02038470096886158, 0.02239280752837658, 0.02440091408789158, 0.026409022510051727, 0.028417129069566727, 0.030425235629081726, 0.032433342188596725, 0.034441448748111725, 0.036449555307626724, 0.038457661867141724, 0.04046577215194702, 0.04247387871146202, 0.04448198527097702, 0.04649009183049202, 0.04849819839000702, 0.05050630494952202, 0.05251441150903702, 0.054522521793842316, 0.05653062462806702, 0.058538734912872314, 0.060546841472387314, 0.06255494803190231]}, "gradients/fc1.weight": {"_type": "histogram", "values": [53.0, 271.0, 3370.0, 0.0, 0.0, 47.0, 284.0, 3363.0, 0.0, 0.0, 62.0, 1719.0, 1913.0, 0.0, 29.0, 541.0, 3124.0, 114.0, 3580.0, 0.0, 92.0, 8612.0, 6072.0, 3694.0, 0.0, 0.0, 0.0, 0.0, 1.0, 11469.0, 3311.0, 7393.0, 125636.0, 5.0, 2.0, 7393.0, 2.0, 7388.0, 0.0, 0.0, 0.0, 3640.0, 3308.0, 440.0, 0.0, 0.0, 0.0, 3166.0, 510.0, 2833.0, 3558.0, 969.0, 3675.0, 65.0, 0.0, 3826.0, 3469.0, 3531.0, 216.0, 40.0, 0.0, 3266.0, 373.0, 55.0], "bins": [-222.8286895751953, -216.04522705078125, -209.2617645263672, -202.47830200195312, -195.69482421875, -188.91136169433594, -182.12789916992188, -175.3444366455078, -168.56097412109375, -161.7775115966797, -154.99404907226562, -148.2105712890625, -141.42710876464844, -134.64364624023438, -127.86018371582031, -121.07672119140625, -114.29324340820312, -107.50978088378906, -100.72631072998047, -93.9428482055664, -87.15937805175781, -80.37591552734375, -73.59245300292969, -66.80899047851562, -60.02552795410156, -53.242061614990234, -46.458595275878906, -39.675132751464844, -32.891666412353516, -26.108200073242188, -19.324737548828125, -12.541271209716797, -5.757781982421875, 1.0256834030151367, 7.809148788452148, 14.592613220214844, 21.376079559326172, 28.1595458984375, 34.94300842285156, 41.72647476196289, 48.50994873046875, 55.29341506958008, 62.076881408691406, 68.86034393310547, 75.64381408691406, 82.42727661132812, 89.21073913574219, 95.99420166015625, 102.77766418457031, 109.56112670898438, 116.34459686279297, 123.12805938720703, 129.91152954101562, 136.6949920654297, 143.47845458984375, 150.2619171142578, 157.04537963867188, 163.82884216308594, 170.6123046875, 177.39578247070312, 184.1792449951172, 190.96270751953125, 197.7461700439453, 204.52963256835938, 211.3131103515625]}, "_wandb": {"runtime": 11}}