{"train/train_loss": 0.0008306628442369401, "train/epoch": 4950, "train/accuracy": 100.0, "train/validation_accuracy": 100.0, "train/validation_loss": 0.0004235201922710985, "_timestamp": 1676683757.760351, "_runtime": 23.487870931625366, "_step": 100, "gradients/fc2.bias": {"_type": "histogram", "values": [1.0, 0.0, 0.0, 0.0, 0.0, 0.0, 0.0, 0.0, 0.0, 0.0, 0.0, 0.0, 0.0, 0.0, 0.0, 0.0, 0.0, 0.0, 0.0, 0.0, 0.0, 0.0, 0.0, 0.0, 0.0, 0.0, 0.0, 0.0, 0.0, 0.0, 0.0, 0.0, 0.0, 0.0, 0.0, 0.0, 0.0, 0.0, 0.0, 0.0, 0.0, 0.0, 0.0, 0.0, 0.0, 0.0, 0.0, 0.0, 0.0, 0.0, 0.0, 0.0, 0.0, 0.0, 0.0, 0.0, 0.0, 0.0, 0.0, 0.0, 0.0, 0.0, 0.0, 1.0], "bins": [-8.687202353030443e-07, -8.4156545199221e-07, -8.144106686813757e-07, -7.872558853705414e-07, -7.60101102059707e-07, -7.329463187488727e-07, -7.057915354380384e-07, -6.786367521272041e-07, -6.514819688163698e-07, -6.243271855055355e-07, -5.971724021947011e-07, -5.700176188838668e-07, -5.428628355730325e-07, -5.157080522621982e-07, -4.885532689513639e-07, -4.6139848564052954e-07, -4.342437023296952e-07, -4.070889190188609e-07, -3.799341357080266e-07, -3.5277935239719227e-07, -3.2562456908635795e-07, -2.9846978577552363e-07, -2.713150024646893e-07, -2.44160219153855e-07, -2.1700543584302068e-07, -1.8985065253218636e-07, -1.6269586922135204e-07, -1.3554108591051772e-07, -1.083863025996834e-07, -8.123151928884909e-08, -5.407673597801477e-08, -2.692195266718045e-08, 2.3283064365386963e-10, 2.7387613954488188e-08, 5.4542397265322506e-08, 8.169718057615682e-08, 1.0885196388699114e-07, 1.3600674719782546e-07, 1.6316153050865978e-07, 1.903163138194941e-07, 2.1747109713032842e-07, 2.4462588044116274e-07, 2.7178066375199705e-07, 2.9893544706283137e-07, 3.260902303736657e-07, 3.532450136845e-07, 3.8039979699533433e-07, 4.0755458030616865e-07, 4.3470936361700296e-07, 4.618641469278373e-07, 4.890189302386716e-07, 5.161737135495059e-07, 5.433284968603402e-07, 5.704832801711746e-07, 5.976380634820089e-07, 6.247928467928432e-07, 6.519476301036775e-07, 6.791024134145118e-07, 7.062571967253461e-07, 7.334119800361805e-07, 7.605667633470148e-07, 7.877215466578491e-07, 8.148763299686834e-07, 8.420311132795177e-07, 8.691858965903521e-07]}, "gradients/fc2.weight": {"_type": "histogram", "values": [1.0, 0.0, 0.0, 0.0, 0.0, 0.0, 0.0, 0.0, 0.0, 0.0, 2.0, 2.0, 2.0, 0.0, 0.0, 0.0, 2.0, 0.0, 3.0, 2.0, 0.0, 3.0, 1.0, 3.0, 2.0, 2.0, 2.0, 1.0, 0.0, 3.0, 0.0, 66.0, 0.0, 0.0, 3.0, 0.0, 1.0, 2.0, 2.0, 2.0, 3.0, 1.0, 3.0, 0.0, 2.0, 3.0, 0.0, 2.0, 0.0, 0.0, 0.0, 2.0, 2.0, 2.0, 0.0, 0.0, 0.0, 0.0, 0.0, 0.0, 0.0, 0.0, 0.0, 1.0], "bins": [-0.01714301109313965, -0.016607245430350304, -0.01607147976756096, -0.015535714104771614, -0.01499994844198227, -0.014464182779192924, -0.01392841711640358, -0.013392651453614235, -0.01285688579082489, -0.012321120128035545, -0.0117853544652462, -0.011249588802456856, -0.010713823139667511, -0.010178057476878166, -0.009642291814088821, -0.009106526151299477, -0.008570760488510132, -0.008034994825720787, -0.007499229162931442, -0.0069634635001420975, -0.006427697837352753, -0.005891932174563408, -0.005356166511774063, -0.004820400848984718, -0.0042846351861953735, -0.0037488695234060287, -0.003213103860616684, -0.002677338197827339, -0.0021415725350379944, -0.0016058068722486496, -0.0010700412094593048, -0.00053427554666996, 1.4901161193847656e-06, 0.0005372557789087296, 0.0010730214416980743, 0.0016087871044874191, 0.002144552767276764, 0.0026803184300661087, 0.0032160840928554535, 0.0037518497556447983, 0.004287615418434143, 0.004823381081223488, 0.005359146744012833, 0.005894912406802177, 0.006430678069591522, 0.006966443732380867, 0.007502209395170212, 0.008037975057959557, 0.008573740720748901, 0.009109506383538246, 0.009645272046327591, 0.010181037709116936, 0.01071680337190628, 0.011252569034695625, 0.01178833469748497, 0.012324100360274315, 0.01285986602306366, 0.013395631685853004, 0.01393139734864235, 0.014467163011431694, 0.015002928674221039, 0.015538694337010384, 0.01607445999979973, 0.016610225662589073, 0.017145991325378418]}, "gradients/fc1.bias": {"_type": "histogram", "values": [1.0, 0.0, 0.0, 1.0, 0.0, 0.0, 1.0, 0.0, 0.0, 0.0, 0.0, 1.0, 1.0, 0.0, 0.0, 0.0, 0.0, 3.0, 1.0, 1.0, 1.0, 0.0, 0.0, 1.0, 1.0, 2.0, 1.0, 1.0, 0.0, 1.0, 0.0, 34.0, 1.0, 0.0, 0.0, 0.0, 0.0, 0.0, 0.0, 1.0, 1.0, 1.0, 0.0, 0.0, 1.0, 0.0, 0.0, 0.0, 1.0, 0.0, 0.0, 0.0, 0.0, 0.0, 0.0, 2.0, 0.0, 0.0, 0.0, 0.0, 0.0, 2.0, 1.0, 1.0], "bins": [-1.6046396922320127e-07, -1.553030415379908e-07, -1.501421138527803e-07, -1.4498118616756983e-07, -1.3982025848235935e-07, -1.3465933079714887e-07, -1.294984031119384e-07, -1.243374754267279e-07, -1.1917654774151742e-07, -1.1401562005630694e-07, -1.0885469237109646e-07, -1.0369376468588598e-07, -9.85328370006755e-08, -9.337190931546502e-08, -8.821098163025454e-08, -8.305005394504406e-08, -7.788912625983357e-08, -7.272819857462309e-08, -6.756727088941261e-08, -6.240634320420213e-08, -5.724541551899165e-08, -5.208448783378117e-08, -4.6923560148570687e-08, -4.1762632463360205e-08, -3.6601704778149724e-08, -3.144077709293924e-08, -2.627984940772876e-08, -2.111892172251828e-08, -1.59579940373078e-08, -1.0797066352097318e-08, -5.636138666886836e-09, -4.75210981676355e-10, 4.685716703534126e-09, 9.846644388744608e-09, 1.500757207395509e-08, 2.016849975916557e-08, 2.532942744437605e-08, 3.049035512958653e-08, 3.5651282814797014e-08, 4.0812210500007495e-08, 4.5973138185217977e-08, 5.113406587042846e-08, 5.629499355563894e-08, 6.145592124084942e-08, 6.66168489260599e-08, 7.177777661127038e-08, 7.693870429648086e-08, 8.209963198169135e-08, 8.726055966690183e-08, 9.242148735211231e-08, 9.758241503732279e-08, 1.0274334272253327e-07, 1.0790427040774375e-07, 1.1306519809295423e-07, 1.1822612577816471e-07, 1.233870534633752e-07, 1.2854798114858568e-07, 1.3370890883379616e-07, 1.3886983651900664e-07, 1.4403076420421712e-07, 1.491916918894276e-07, 1.5435261957463808e-07, 1.5951354725984856e-07, 1.6467447494505905e-07, 1.6983540263026953e-07]}, "gradients/fc1.weight": {"_type": "histogram", "values": [3.0, 7.0, 16.0, 22.0, 25.0, 20.0, 10.0, 16.0, 19.0, 34.0, 38.0, 24.0, 24.0, 22.0, 21.0, 27.0, 44.0, 35.0, 37.0, 30.0, 70.0, 67.0, 58.0, 87.0, 116.0, 136.0, 135.0, 152.0, 195.0, 538.0, 1643.0, 7866.0, 181680.0, 32125.0, 7137.0, 1882.0, 562.0, 296.0, 218.0, 159.0, 113.0, 99.0, 105.0, 98.0, 72.0, 81.0, 50.0, 29.0, 23.0, 29.0, 24.0, 27.0, 18.0, 15.0, 11.0, 20.0, 15.0, 10.0, 15.0, 7.0, 5.0, 8.0, 7.0, 3.0], "bins": [-0.01875021494925022, -0.01818045787513256, -0.0176107008010149, -0.01704094372689724, -0.01647118665277958, -0.015901431441307068, -0.015331673435866833, -0.014761917293071747, -0.014192160218954086, -0.013622403144836426, -0.013052646070718765, -0.012482888996601105, -0.011913132853806019, -0.011343375779688358, -0.010773618705570698, -0.010203862562775612, -0.009634104557335377, -0.009064347483217716, -0.008494590409100056, -0.00792483426630497, -0.007355077192187309, -0.006785320118069649, -0.006215563043951988, -0.005645806435495615, -0.005076048895716667, -0.004506291821599007, -0.0039365352131426334, -0.003366778139024973, -0.002797021297737956, -0.002227264456450939, -0.0016575073823332787, -0.0010877507738769054, -0.0005179941654205322, 5.1762734074145555e-05, 0.0006215196335688233, 0.001191276591271162, 0.001761033432558179, 0.0023307902738451958, 0.0029005473479628563, 0.0034703039564192295, 0.004040060564875603, 0.004609817638993263, 0.0051795742474496365, 0.005749331321567297, 0.00631908793002367, 0.006888845004141331, 0.007458602078258991, 0.008028358221054077, 0.008598116226494312, 0.009167873300611973, 0.009737630374729633, 0.01030738651752472, 0.01087714359164238, 0.01144690066576004, 0.0120166577398777, 0.012586414813995361, 0.013156171888113022, 0.013725928962230682, 0.014295686036348343, 0.014865443110466003, 0.01543519925326109, 0.016004957258701324, 0.016574714332818985, 0.017144469544291496, 0.017714226618409157]}, "_wandb": {"runtime": 22}}