{"train/train_loss": 18.093564987182617, "train/epoch": 50, "train/accuracy": 1.4084506779909134, "train/validation_accuracy": 3.2258063554763794, "train/validation_loss": 1.3029555043866556, "_timestamp": 168167930