{"train/train_loss": 4.3314175854902714e-05, "train/epoch": 3450, "train/accuracy": 100.0, "train/validation_accuracy": 100.0, "train/validation_loss": 8.31475426821271e-06, "_timestamp": 1681518045.843385, "_runtime": 57.44593095779419, "_step": 69, "gradients/fc2.bias": {"_type": "histogram", "values": [1.0, 0.0, 0.0, 0.0, 0.0, 0.0, 0.0, 0.0, 0.0, 0.0, 0.0, 0.0, 0.0, 0.0, 0.0, 0.0, 0.0, 0.0, 0.0, 0.0, 0.0, 0.0, 0.0, 0.0, 0.0, 0.0, 0.0, 0.0, 0.0, 0.0, 0.0, 0.0, 0.0, 0.0, 0.0, 0.0, 0.0, 0.0, 0.0, 0.0, 0.0, 0.0, 0.0, 0.0, 0.0, 0.0, 0.0, 0.0, 0.0, 0.0, 0.0, 0.0, 0.0, 0.0, 0.0, 0.0, 0.0, 0.0, 0.0, 0.0, 0.0, 0.0, 0.0, 1.0], "bins": [-9.483523172093555e-06, -9.187500836560503e-06, -8.891479410522152e-06, -8.5954579844838e-06, -8.299435648950748e-06, -8.003413313417695e-06, -7.707391887379345e-06, -7.411370006593643e-06, -7.115348125807941e-06, -6.819326245022239e-06, -6.523304364236537e-06, -6.2272824834508356e-06, -5.931260602665134e-06, -5.635238721879432e-06, -5.33921684109373e-06, -5.043194960308028e-06, -4.747173079522327e-06, -4.451151198736625e-06, -4.155129317950923e-06, -3.859107437165221e-06, -3.5630855563795194e-06, -3.2670636755938176e-06, -2.971041794808116e-06, -2.675019914022414e-06, -2.3789980332367122e-06, -2.0829761524510104e-06, -1.7869542716653086e-06, -1.4909323908796068e-06, -1.194910510093905e-06, -8.988886293082032e-07, -6.028667485225014e-07, -3.0684486773679964e-07, -1.0822986951097846e-08, 2.8519889383460395e-07, 5.812207746203057e-07, 8.772426554060075e-07, 1.1732645361917093e-06, 1.4692864169774111e-06, 1.765308297763113e-06, 2.0613301785488147e-06, 2.3573520593345165e-06, 2.6533739401202183e-06, 2.94939582090592e-06, 3.245417701691622e-06, 3.5414395824773237e-06, 3.8374614632630255e-06, 4.133483344048727e-06, 4.429505224834429e-06, 4.725527105620131e-06, 5.021548986405833e-06, 5.3175708671915345e-06, 5.613592747977236e-06, 5.909614628762938e-06, 6.20563650954864e-06, 6.501658390334342e-06, 6.7976802711200435e-06, 7.093702151905745e-06, 7.389724032691447e-06, 7.685745913477149e-06, 7.9817673395155e-06, 8.277789675048552e-06, 8.573812010581605e-06, 8.869833436619956e-06, 9.165854862658307e-06, 9.46187719819136e-06]}, "gradients/fc2.weight": {"_type": "histogram", "values": [1.0, 0.0, 0.0, 0.0, 0.0, 0.0, 0.0, 0.0, 3.0, 2.0, 3.0, 1.0, 0.0, 3.0, 3.0, 5.0, 2.0, 3.0, 11.0, 4.0, 9.0, 8.0, 6.0, 10.0, 7.0, 4.0, 11.0, 3.0, 5.0, 8.0, 5.0, 7.0, 271.0, 5.0, 8.0, 5.0, 3.0, 11.0, 4.0, 7.0, 10.0, 6.0, 8.0, 9.0, 4.0, 11.0, 3.0, 2.0, 5.0, 4.0, 2.0, 0.0, 1.0, 3.0, 2.0, 3.0, 0.0, 0.0, 0.0, 0.0, 0.0, 0.0, 0.0, 1.0], "bins": [-0.004378206562250853, -0.004241430200636387, -0.0041046543046832085, -0.003967877943068743, -0.003831101581454277, -0.0036943252198398113, -0.0035575490910559893, -0.003420772962272167, -0.0032839966006577015, -0.0031472202390432358, -0.0030104441102594137, -0.0028736679814755917, -0.002736891619861126, -0.0026001152582466602, -0.002463339129462838, -0.002326563000679016, -0.0021897866390645504, -0.0020530102774500847, -0.0019162341486662626, -0.0017794579034671187, -0.0016426816582679749, -0.001505905413068831, -0.001369129167869687, -0.0012323529226705432, -0.0010955766774713993, -0.0009588004322722554, -0.0008220241870731115, -0.0006852479418739676, -0.0005484716966748238, -0.0004116954514756799, -0.000274919206276536, -0.0001381429610773921, -1.366250216960907e-06, 0.00013540999498218298, 0.00027218624018132687, 0.00040896248538047075, 0.0005457387305796146, 0.0006825149757787585, 0.0008192912209779024, 0.0009560674661770463, 0.0010928437113761902, 0.001229619956575334, 0.001366396201774478, 0.0015031724469736218, 0.0016399486921727657, 0.0017767249373719096, 0.0019135011825710535, 0.0020502773113548756, 0.0021870536729693413, 0.002323830034583807, 0.002460606163367629, 0.002597382292151451, 0.002734158653765917, 0.0028709350153803825, 0.0030077111441642046, 0.0031444872729480267, 0.0032812636345624924, 0.003418039996176958, 0.00355481612496078, 0.003691592253744602, 0.003828368615359068, 0.003965144976973534, 0.004101920872926712, 0.004238697234541178, 0.0043754735961556435]}, "gradients/fc1.bias": {"_type": "histogram", "values": [1.0, 0.0, 0.0, 0.0, 0.0, 0.0, 0.0, 0.0, 0.0, 0.0, 1.0, 0.0, 0.0, 0.0, 0.0, 0.0, 0.0, 0.0, 0.0, 0.0, 2.0, 1.0, 3.0, 1.0, 2.0, 5.0, 3.0, 1.0, 8.0, 5.0, 6.0, 7.0, 9.0, 139.0, 9.0, 2.0, 7.0, 4.0, 6.0, 5.0, 7.0, 7.0, 5.0, 3.0, 2.0, 1.0, 1.0, 1.0, 0.0, 0.0, 0.0, 0.0, 0.0, 0.0, 0.0, 0.0, 0.0, 0.0, 1.0, 0.0, 0.0, 0.0, 0.0, 1.0], "bins": [-2.4848066004778957e-06, -2.4113128347380552e-06, -2.3378188416245393e-06, -2.264325075884699e-06, -2.1908313101448584e-06, -2.1173373170313425e-06, -2.043843551291502e-06, -1.9703497855516616e-06, -1.8968557924381457e-06, -1.8233619130114675e-06, -1.7498680335847894e-06, -1.676374267844949e-06, -1.6028803884182707e-06, -1.5293865089915926e-06, -1.4558927432517521e-06, -1.382398863825074e-06, -1.3089049843983958e-06, -1.2354111049717176e-06, -1.1619172255450394e-06, -1.088423459805199e-06, -1.0149295803785208e-06, -9.414357009518426e-07, -8.679418783685833e-07, -7.94448055785324e-07, -7.209541763586458e-07, -6.474602969319676e-07, -5.739664743487083e-07, -5.00472651765449e-07, -4.269787723387708e-07, -3.5348492133380205e-07, -2.799910703288333e-07, -2.0649724774557399e-07, -1.330033683188958e-07, -5.950951731392706e-08, 1.3984333691041684e-08, 8.747818469601043e-08, 1.6097203570097918e-07, 2.3446588670594792e-07, 3.0795973771091667e-07, 3.81453560294176e-07, 4.5494743972085416e-07, 5.284413191475323e-07, 6.019351417307917e-07, 6.75428964314051e-07, 7.489228437407291e-07, 8.224167231674073e-07, 8.959105457506666e-07, 9.69404368333926e-07, 1.0428982477606041e-06, 1.1163921271872823e-06, 1.1898860066139605e-06, 1.263379772353801e-06, 1.3368736517804791e-06, 1.4103675312071573e-06, 1.4838612969469978e-06, 1.557355176373676e-06, 1.6308490558003541e-06, 1.7043429352270323e-06, 1.7778368146537105e-06, 1.851330580393551e-06, 1.924824573507067e-06, 1.9983183392469073e-06, 2.0718121049867477e-06, 2.1453060981002636e-06, 2.218799863840104e-06]}, "gradients/fc1.weight": {"_type": "histogram", "values": [25.0, 153.0, 160.0, 160.0, 52.0, 33.0, 35.0, 61.0, 35.0, 39.0, 42.0, 39.0, 33.0, 49.0, 91.0, 178.0, 162.0, 197.0, 240.0, 206.0, 312.0, 246.0, 406.0, 656.0, 910.0, 1220.0, 1469.0, 1943.0, 2660.0, 3330.0, 5741.0, 10232.0, 23505.0, 765290.0, 80096.0, 18140.0, 11125.0, 5236.0, 3167.0, 2111.0, 1283.0, 750.0, 579.0, 501.0, 313.0, 261.0, 201.0, 232.0, 312.0, 185.0, 226.0, 138.0, 140.0, 137.0, 108.0, 57.0, 39.0, 65.0, 40.0, 41.0, 139.0, 172.0, 177.0, 39.0],