{"train/train_loss": 0.0007341452874243259, "train/epoch": 2450, "train/accuracy": 100.0, "train/validation_accuracy": 92.85714030265808, "train/validation_loss": 0.005916038261992591, "_timestamp": 1681522579.8835797, "_runtime": 47.27357268333435, "_step": 49, "gradients/fc2.bias": {"_type": "histogram", "values": [1.0, 0.0, 0.0, 0.0, 0.0, 0.0, 0.0, 0.0, 0.0, 0.0, 0.0, 0.0, 0.0, 0.0, 1.0, 0.0, 0.0, 0.0, 0.0, 0.0, 0.0, 0.0, 0.0, 1.0, 0.0, 0.0, 0.0, 0.0, 0.0, 0.0, 0.0, 0.0, 0.0, 0.0, 0.0, 0.0, 0.0, 0.0, 0.0, 0.0, 0.0, 0.0, 0.0, 0.0, 0.0, 1.0, 0.0, 0.0, 0.0, 0.0, 0.0, 2.0, 0.0, 0.0, 0.0, 0.0, 0.0, 0.0, 0.0, 0.0, 0.0, 0.0, 0.0, 1.0], "bins": [-0.00017475825734436512, -0.00016987323760986328, -0.00016498823242727667, -0.00016010322724469006, -0.00015521820751018822, -0.00015033318777568638, -0.00014544818259309977, -0.00014056317741051316, -0.00013567815767601132, -0.00013079313794150949, -0.00012590813275892287, -0.00012102312030037865, -0.00011613810784183443, -0.0001112530953832902, -0.00010636808292474598, -0.00010148307046620175, -9.659805800765753e-05, -9.17130455491133e-05, -8.682803309056908e-05, -8.194302063202485e-05, -7.705800817348063e-05, -7.21729957149364e-05, -6.728798325639218e-05, -6.240297079784796e-05, -5.751795833930373e-05, -5.263294588075951e-05, -4.774793342221528e-05, -4.286292096367106e-05, -3.7977908505126834e-05, -3.309289604658261e-05, -2.8207883588038385e-05, -2.332287112949416e-05, -1.8437858670949936e-05, -1.3552846212405711e-05, -8.667833753861487e-06, -3.7828212953172624e-06, 1.102191163226962e-06, 5.987203621771187e-06, 1.0872216080315411e-05, 1.5757228538859636e-05, 2.064224099740386e-05, 2.5527253455948085e-05, 3.041226591449231e-05, 3.5297278373036534e-05, 4.018229083158076e-05, 4.506730329012498e-05, 4.995231574866921e-05, 5.483732820721343e-05, 5.9722340665757656e-05, 6.460735312430188e-05, 6.94923655828461e-05, 7.437737804139033e-05, 7.926239049993455e-05, 8.414740295847878e-05, 8.9032415417023e-05, 9.391742787556723e-05, 9.880244033411145e-05, 0.00010368745279265568, 0.0001085724652511999, 0.00011345747770974413, 0.00011834249016828835, 0.0001232275099027902, 0.0001281125150853768, 0.0001329975202679634, 0.00013788254000246525]}, "gradients/fc2.weight": {"_type": "histogram", "values": [1.0, 1.0, 0.0, 0.0, 0.0, 0.0, 1.0, 0.0, 0.0, 0.0, 1.0, 2.0, 2.0, 2.0, 5.0, 3.0, 6.0, 3.0, 4.0, 8.0, 4.0, 10.0, 10.0, 8.0, 15.0, 11.0, 5.0, 17.0, 23.0, 21.0, 15.0, 26.0, 32.0, 54.0, 57.0, 63.0, 60.0, 821.0, 82.0, 66.0, 53.0, 50.0, 38.0, 34.0, 21.0, 32.0, 22.0, 18.0, 16.0, 17.0, 15.0, 5.0, 8.0, 7.0, 4.0, 0.0, 1.0, 2.0, 3.0, 1.0, 3.0, 1.0, 0.0, 2.0], "bins": [-0.016374407336115837, -0.015934767201542854, -0.015495127066969872, -0.015055486932396889, -0.014615846797823906, -0.014176206663250923, -0.01373656652867794, -0.013296926394104958, -0.012857286259531975, -0.012417646124958992, -0.01197800599038601, -0.011538365855813026, -0.011098725721240044, -0.01065908558666706, -0.010219445452094078, -0.009779805317521095, -0.009340166114270687, -0.008900525979697704, -0.008460885845124722, -0.008021245710551739, -0.007581605575978756, -0.007141965441405773, -0.006702325772494078, -0.006262685637921095, -0.005823045969009399, -0.005383405834436417, -0.004943765699863434, -0.004504125565290451, -0.004064485430717468, -0.003624845528975129, -0.00318520562723279, -0.002745565492659807, -0.0023059239611029625, -0.0018662838265299797, -0.0014266438083723187, -0.0009870037902146578, -0.000547363655641675, -0.00010772352106869221, 0.0003319163806736469, 0.0007715565152466297, 0.0012111971154808998, 0.0016508372500538826, 0.0020904773846268654, 0.0025301172863692045, 0.0029697574209421873, 0.00340939755551517, 0.0038490374572575092, 0.004288677591830492, 0.0047283172607421875, 0.00516795739531517, 0.005607597529888153, 0.006047237664461136, 0.006486877799034119, 0.0069265179336071014, 0.007366157602518797, 0.00780579773709178, 0.00824543833732605, 0.008685078471899033, 0.009124718606472015, 0.009564358741044998, 0.010003998875617981, 0.010443639010190964, 0.010883279144763947, 0.01132291927933693, 0.011762558482587337]}, "gradients/fc1.bias": {"_type": "histogram", "values": [1.0, 0.0, 1.0, 1.0, 0.0, 1.0, 2.0, 0.0, 1.0, 1.0, 2.0, 1.0, 2.0, 2.0, 2.0, 1.0, 1.0, 1.0, 0.0, 4.0, 2.0, 4.0, 6.0, 3.0, 1.0, 4.0, 9.0, 7.0, 10.0, 12.0, 11.0, 67.0, 10.0, 13.0, 15.0, 6.0, 6.0, 4.0, 7.0, 5.0, 6.0, 5.0, 1.0, 3.0, 1.0, 1.0, 2.0, 4.0, 1.0, 1.0, 1.0, 0.0, 1.0, 0.0, 0.0, 0.0, 2.0, 0.0, 0.0, 0.0, 0.0, 0.0, 0.0, 1.0], "bins": [-2.4300223230966367e-05, -2.3537795641459525e-05, -2.2775368051952682e-05, -2.201294046244584e-05, -2.1250512872938998e-05, -2.0488085283432156e-05, -1.9725657693925314e-05, -1.896323010441847e-05, -1.820080251491163e-05, -1.7438374925404787e-05, -1.6675947335897945e-05, -1.5913519746391103e-05, -1.515109215688426e-05, -1.4388664567377418e-05, -1.3626236977870576e-05, -1.2863809388363734e-05, -1.2101381798856892e-05, -1.133895420935005e-05, -1.0576526619843207e-05, -9.814099030336365e-06, -9.051671440829523e-06, -8.28924385132268e-06, -7.5268162618158385e-06, -6.764388672308996e-06, -6.001961082802154e-06, -5.239533493295312e-06, -4.47710590378847e-06, -3.7146783142816275e-06, -2.9522507247747853e-06, -2.189823135267943e-06, -1.427395545761101e-06, -6.649679562542588e-07, 9.745963325258344e-08, 8.598872227594256e-07, 1.6223148122662678e-06, 2.38474240177311e-06, 3.1471699912799522e-06, 3.9095975807867944e-06, 4.672025170293637e-06, 5.434452759800479e-06, 6.196880349307321e-06, 6.959307938814163e-06, 7.721735528321005e-06, 8.484163117827848e-06, 9.24659070733469e-06, 1.0009018296841532e-05, 1.0771445886348374e-05, 1.1533873475855216e-05, 1.2296301065362059e-05, 1.30587286548689e-05, 1.3821156244375743e-05, 1.4583583833882585e-05, 1.5346011423389427e-05, 1.610843901289627e-05, 1.6870866602403112e-05, 1.7633294191909954e-05, 1.8395721781416796e-05, 1.915814937092364e-05, 1.992057696043048e-05, 2.0683004549937323e-05, 2.1445432139444165e-05, 2.2207859728951007e-05, 2.297028731845785e-05, 2.373271490796469e-05, 2.4495142497471534e-05]}, "gradients/fc1.weight": {"_type": "histogram", "values": [10.0, 20.0, 12.0, 60.0, 145.0, 133.0, 112.0, 54.0, 27.0, 32.0, 45.0, 50.0, 33.0, 38.0, 47.0, 55.0, 55.0, 41.0, 43.0, 52.0, 76.0, 73.0, 117.0, 220.0, 270.0, 526.0, 679.0, 794.0, 1083.0, 1545.0, 2120.0, 3150.0, 4995.0, 6842.0, 9324.0, 12913.0, 21034.0, 35923.0, 101719.0, 562263.0, 81714.0, 30390.0, 20849.0, 14330.0, 8403.0, 6163.0, 4948.0, 3143.0, 2296.0, 1701.0, 1386.0, 977.0, 715.0, 581.0, 503.0, 303.0, 300.0, 153.0, 106.0, 85.0, 64.0, 45.0, 31.0, 4.0],