{"train/train_loss": 3.322331190109253, "train/epoch": 0, "train/accuracy": 0, "train/validation_accuracy": 0, "train/validation_loss": 0, "_timestamp": 1677437188.6246052, "_runtime": 78.36741828918457, "_step": 0, "_wandb": {"runtime": 77}}