{"train/train_loss": 3.2978482246398926, "train/epoch": 0, "train/accuracy": 0, "train/validation_accuracy": 0, "train/validation_loss": 0, "_timestamp": 1677437775.6434844, "_runtime": 76.75983142852783, "_step": 0, "_wandb": {"runtime": 76}}