{"train/train_loss": 3.901394407535008e-08, "train/epoch": 34950, "train/accuracy": 100.0, "train/validation_accuracy": 95.652174949646, "train/validation_loss": 0.01645111778508062, "_timestamp": 1681674879.3386135, "_runtime": 399.6634635925293, "_step": 700, "gradients/fc2.bias": {"_type": "histogram", "values": [1.0, 0.0, 0.0, 0.0, 0.0, 0.0, 0.0, 0.0, 0.0, 0.0, 0.0, 1.0, 0.0, 0.0, 0.0, 0.0, 0.0, 0.0, 1.0, 0.0, 0.0, 0.0, 0.0, 0.0, 0.0, 1.0, 0.0, 0.0, 0.0, 0.0, 0.0, 0.0, 0.0, 0.0, 0.0, 0.0, 0.0, 0.0, 0.0, 2.0, 0.0, 0.0, 0.0, 0.0, 0.0, 0.0, 0.0, 0.0, 0.0, 1.0, 0.0, 0.0, 0.0, 0.0, 1.0, 0.0, 0.0, 1.0, 0.0, 0.0, 0.0, 0.0, 0.0, 2.0], "bins": [4.2764591867694435e-10, 5.178360518165448e-10, 6.080262404672965e-10, 6.982163736068969e-10, 7.884065622576486e-10, 8.78596695397249e-10, 9.687868285368495e-10, 1.0589770171876012e-09, 1.1491672058383529e-09, 1.2393573944891045e-09, 1.3295474721175538e-09, 1.4197376607683054e-09, 1.5099278494190571e-09, 1.6001180380698088e-09, 1.690308115698258e-09, 1.7804983043490097e-09, 1.8706884929997614e-09, 1.9608785706282106e-09, 2.0510688703012647e-09, 2.141258947929714e-09, 2.231449025558163e-09, 2.3216393252312173e-09, 2.4118294028596665e-09, 2.5020194804881157e-09, 2.592209558116565e-09, 2.682399635745014e-09, 2.7725899354180683e-09, 2.8627800130465175e-09, 2.9529700906749667e-09, 3.043160390348021e-09, 3.13335046797647e-09, 3.2235405456049193e-09, 3.3137308452779735e-09, 3.4039209229064227e-09, 3.494111222579477e-09, 3.584301300207926e-09, 3.6744913778363752e-09, 3.7646814554648245e-09, 3.8548719771824835e-09, 3.945062054810933e-09, 4.035252132439382e-09, 4.125442210067831e-09, 4.21563228769628e-09, 4.30582236532473e-09, 4.396012887042389e-09, 4.486202964670838e-09, 4.576393042299287e-09, 4.666583119927736e-09, 4.7567731975561856e-09, 4.846963275184635e-09, 4.937153352813084e-09, 5.027343874530743e-09, 5.117533952159192e-09, 5.2077240297876415e-09, 5.297914107416091e-09, 5.38810418504454e-09, 5.478294706762199e-09, 5.568484784390648e-09, 5.6586748620190974e-09, 5.7488653837367565e-09, 5.839055461365206e-09, 5.929245538993655e-09, 6.019435616622104e-09, 6.109625694250553e-09, 6.1998157718790026e-09]}, "gradients/fc2.weight": {"_type": "histogram", "values": [1.0, 2.0, 2.0, 8.0, 24.0, 51.0, 1015.0, 264.0, 159.0, 131.0, 108.0, 87.0, 85.0, 91.0, 76.0, 64.0, 64.0, 51.0, 52.0, 44.0, 36.0, 44.0, 26.0, 29.0, 27.0, 26.0, 21.0, 26.0, 16.0, 21.0, 16.0, 13.0, 12.0, 10.0, 8.0, 10.0, 5.0, 7.0, 8.0, 7.0, 3.0, 7.0, 8.0, 5.0, 2.0, 5.0, 2.0, 4.0, 3.0, 2.0, 5.0, 2.0, 2.0, 2.0, 1.0, 4.0, 3.0, 3.0, 2.0, 0.0, 0.0, 0.0, 0.0, 4.0], "bins": [-2.1161339702757687e-07, -1.771373945302912e-07, -1.4266140624386026e-07, -1.0818540374657459e-07, -7.370940124928893e-08, -3.923339875200327e-08, -4.75741046557232e-09, 2.9718606242568057e-08, 6.4194594528999e-08, 9.867059702628467e-08, 1.3314658531271562e-07, 1.6762258781000128e-07, 2.0209859030728694e-07, 2.365745928045726e-07, 2.7105056688014884e-07, 3.0552661200999864e-07, 3.400026002964296e-07, 3.7447858858286054e-07, 4.089546052910009e-07, 4.4343059357743186e-07, 4.779066102855722e-07, 5.123825985720032e-07, 5.468585868584341e-07, 5.813345751448651e-07, 6.15810563431296e-07, 6.50286551717727e-07, 6.847625400041579e-07, 7.192385282905889e-07, 7.537145734204387e-07, 7.881905617068696e-07, 8.226665499933006e-07, 8.571425951231504e-07, 8.916184697227436e-07, 9.260944580091746e-07, 9.605704462956055e-07, 9.950464345820365e-07, 1.0295224228684674e-06, 1.063998524841736e-06, 1.098474513128167e-06, 1.132950501414598e-06, 1.167426489701029e-06, 1.2019024779874599e-06, 1.2363784662738908e-06, 1.2708544545603218e-06, 1.3053304428467527e-06, 1.3398064311331837e-06, 1.3742824194196146e-06, 1.4087585213928833e-06, 1.4432343959924765e-06, 1.4777103842789074e-06, 1.5121863725653384e-06, 1.5466623608517693e-06, 1.5811383491382003e-06, 1.6156143374246312e-06, 1.6500903257110622e-06, 1.6845664276843308e-06, 1.7190424159707618e-06, 1.7535184042571927e-06, 1.7879943925436237e-06, 1.8224703808300546e-06, 1.8569463691164856e-06, 1.8914224710897543e-06, 1.925898459376185e-06, 1.960374447662616e-06, 1.994850435949047e-06]}, "gradients/fc1.bias": {"_type": "histogram", "values": [2.0, 0.0, 0.0, 0.0, 0.0, 0.0, 0.0, 0.0, 0.0, 1.0, 1.0, 2.0, 0.0, 2.0, 0.0, 0.0, 1.0, 0.0, 1.0, 0.0, 1.0, 4.0, 2.0, 0.0, 2.0, 0.0, 4.0, 3.0, 3.0, 7.0, 3.0, 2.0, 2.0, 4.0, 4.0, 5.0, 11.0, 11.0, 8.0, 15.0, 15.0, 59.0, 20.0, 12.0, 9.0, 9.0, 3.0, 3.0, 6.0, 4.0, 2.0, 3.0, 3.0, 1.0, 2.0, 1.0, 1.0, 0.0, 0.0, 0.0, 0.0, 1.0, 0.0, 1.0], "bins": [-1.4908375645106275e-09, -1.4546884807842275e-09, -1.418539286035525e-09, -1.382390202309125e-09, -1.3462410075604225e-09, -1.3100919238340225e-09, -1.27394272908532e-09, -1.23779364535892e-09, -1.20164456163252e-09, -1.16549547790612e-09, -1.1293462831574175e-09, -1.0931971994310175e-09, -1.057048004682315e-09, -1.020898920955915e-09, -9.847497262072125e-10, -9.486006424808124e-10, -9.1245144773211e-10, -8.763023084945587e-10, -8.401531692570074e-10, -8.040040300194562e-10, -7.678548907819049e-10, -7.317058070555049e-10, -6.955566678179537e-10, -6.594075285804024e-10, -6.232583893428512e-10, -5.871092501052999e-10, -5.509601108677487e-10, -5.148109716301974e-10, -4.786618879037974e-10, -4.425127209106705e-10, -4.0636360942869487e-10, -3.702144701911436e-10, -3.340652199312899e-10, -2.9791608069373865e-10, -2.617669414561874e-10, -2.2561782997421176e-10, -1.894686907366605e-10, -1.5331955149910925e-10, -1.171704261393458e-10, -8.102130077958236e-11, -4.487216154203111e-11, -8.723029243373759e-12, 2.742610305528359e-11, 6.357523535394094e-11, 9.972436765259829e-11, 1.3587350689014954e-10, 1.72022632249913e-10, 2.0817175760967643e-10, 2.443208968472277e-10, 2.8047003608477894e-10, 3.166191753223302e-10, 3.5276828680430583e-10, 3.889174260418571e-10, 4.2506656527940834e-10, 4.61215676761384e-10, 4.973648159989352e-10, 5.335139552364865e-10, 5.696630944740377e-10, 6.05812233711589e-10, 6.419613729491402e-10, 6.781104566755403e-10, 7.142596514242427e-10, 7.504087351506428e-10, 7.86557874388194e-10, 8.227070136257453e-10]}, "gradients/fc1.weight": {"_type": "histogram", "values": [27.0, 38.0, 29.0, 50.0, 108.0, 205.0, 244.0, 266.0, 171.0, 211.0, 230.0, 167.0, 156.0, 137.0, 207.0, 292.0, 333.0, 340.0, 411.0, 438.0, 564.0, 477.0, 748.0, 1420.0, 1565.0, 1667.0, 2570.0, 3454.0, 3737.0, 3551.0, 2963.0, 2924.0, 4591.0, 5725.0, 6708.0, 9175.0, 8944.0, 9259.0, 13159.0, 19842.0, 31455.0, 87367.0, 588670.0, 65701.0, 17517.0, 12349.0, 8874.0, 5947.0, 5751.0, 3683.0, 2273.0, 1870.0, 2469.0, 1402.0, 997.0, 616.0, 108.0, 119.0, 259.0, 330.0, 456.0, 420.0, 121.0, 63.0],