{"gradients/fc2.bias": {"_type": "histogram", "values": [1.0, 0.0, 0.0, 0.0, 0.0, 0.0, 0.0, 0.0, 1.0, 0.0, 0.0, 0.0, 0.0, 0.0, 0.0, 0.0, 0.0, 0.0, 0.0, 0.0, 0.0, 0.0, 0.0, 0.0, 0.0, 0.0, 2.0, 0.0, 0.0, 5.0, 0.0, 2.0, 1.0, 0.0, 0.0, 0.0, 0.0, 0.0, 0.0, 0.0, 0.0, 0.0, 0.0, 0.0, 0.0, 0.0, 0.0, 0.0, 0.0, 1.0, 0.0, 0.0, 0.0, 0.0, 0.0, 0.0, 0.0, 0.0, 0.0, 0.0, 0.0, 0.0, 0.0, 1.0], "bins": [-3.5853838653565617e-07, -3.4652467206797155e-07, -3.3451095760028693e-07, -3.2249727155431174e-07, -3.104835570866271e-07, -2.984698426189425e-07, -2.8645612815125787e-07, -2.7444241368357325e-07, -2.6242872763759806e-07, -2.5041501316991344e-07, -2.3840131291308353e-07, -2.263875984453989e-07, -2.14373898188569e-07, -2.0236018372088438e-07, -1.9034646925319976e-07, -1.7833275478551514e-07, -1.663190403178305e-07, -1.543053258501459e-07, -1.4229162559331598e-07, -1.3027791112563136e-07, -1.182642037633741e-07, -1.0625049640111683e-07, -9.423678193343221e-08, -8.222307457117495e-08, -7.020935299806297e-08, -5.8195645635805704e-08, -4.618193472083476e-08, -3.416822380586382e-08, -2.2154516443606553e-08, -1.0140809081349289e-08, 1.872905386335333e-09, 1.3886612748592597e-08, 2.5900334321704577e-08, 3.791404168396184e-08, 4.9927752598932784e-08, 6.194146351390373e-08, 7.395517087616099e-08, 8.596887823841826e-08, 9.798259270610288e-08, 1.0999630006836014e-07, 1.220099932197627e-07, 1.340237076874473e-07, 1.4603740794427722e-07, 1.5805112241196184e-07, 1.7006482266879175e-07, 1.8207853713647637e-07, 1.94092251604161e-07, 2.0610596607184561e-07, 2.1811968053953024e-07, 2.3013339500721486e-07, 2.421471094748995e-07, 2.5416079552087467e-07, 2.661745099885593e-07, 2.781882244562439e-07, 2.9020193892392854e-07, 3.0221565339161316e-07, 3.1422933943758835e-07, 3.2624305390527297e-07, 3.382567683729576e-07, 3.502704544189328e-07, 3.622841688866174e-07, 3.7429788335430203e-07, 3.8631159782198665e-07, 3.983253122896713e-07, 4.103390267573559e-07]}, "_timestamp": 1675469078.3291378, "gradients/fc2.weight": {"_type": "histogram", "values": [1.0, 1.0, 0.0, 0.0, 0.0, 0.0, 1.0, 0.0, 1.0, 0.0, 4.0, 1.0, 4.0, 3.0, 2.0, 4.0, 7.0, 7.0, 9.0, 8.0, 13.0, 13.0, 12.0, 12.0, 15.0, 20.0, 30.0, 40.0, 76.0, 161.0, 2753.0, 174.0, 36.0, 21.0, 18.0, 18.0, 12.0, 13.0, 12.0, 9.0, 14.0, 10.0, 6.0, 9.0, 7.0, 4.0, 4.0, 1.0, 4.0, 4.0, 3.0, 0.0, 3.0, 1.0, 0.0, 0.0, 1.0, 0.0, 0.0, 0.0, 1.0, 0.0, 0.0, 1.0], "bins": [-0.0016045398078858852, -0.0015517609426751733, -0.0014989820774644613, -0.0014462030958384275, -0.0013934242306277156, -0.0013406453654170036, -0.0012878663837909698, -0.001235087518580258, -0.001182308653369546, -0.001129529788158834, -0.001076750922948122, -0.0010239719413220882, -0.0009711930761113763, -0.0009184142109006643, -0.0008656352874822915, -0.0008128563640639186, -0.0007600774988532066, -0.0007072986336424947, -0.0006545197102241218, -0.0006017407868057489, -0.000548961921595037, -0.000496183056384325, -0.00044340413296595216, -0.00039062523865140975, -0.00033784634433686733, -0.0002850674500223249, -0.0002322885557077825, -0.0001795096613932401, -0.00012673076707869768, -7.395187276415527e-05, -2.1172978449612856e-05, 3.160591586492956e-05, 8.438469376415014e-05, 0.00013716358807869256, 0.00018994248239323497, 0.00024272137670777738, 0.0002955002710223198, 0.0003482791653368622, 0.0004010580596514046, 0.00045383695396594703, 0.0005066158482804894, 0.0005593947134912014, 0.0006121736369095743, 0.0006649525603279471, 0.0007177314255386591, 0.000770510290749371, 0.0008232892141677439, 0.0008760681375861168, 0.0009288470027968287, 0.0009816258680075407, 0.0010344048496335745, 0.0010871837148442864, 0.0011399625800549984, 0.0011927414452657104, 0.0012455203104764223, 0.001298299292102456, 0.001351078157313168, 0.00140385702252388, 0.0014566360041499138, 0.0015094148693606257, 0.0015621937345713377, 0.0016149725997820497, 0.0016677514649927616, 0.0017205304466187954, 0.0017733093118295074]}, "gradients/fc1.bias": {"_type": "histogram", "values": [1.0, 1.0, 0.0, 0.0, 0.0, 0.0, 1.0, 1.0, 1.0, 0.0, 3.0, 1.0, 1.0, 2.0, 0.0, 2.0, 1.0, 2.0, 4.0, 0.0, 3.0, 1.0, 2.0, 7.0, 4.0, 3.0, 2.0, 1.0, 1.0, 154.0, 2.0, 5.0, 2.0, 2.0, 3.0, 4.0, 4.0, 3.0, 4.0, 3.0, 3.0, 1.0, 3.0, 4.0, 1.0, 1.0, 1.0, 3.0, 0.0, 2.0, 1.0, 2.0, 0.0, 0.0, 0.0, 0.0, 1.0, 1.0, 0.0, 0.0, 0.0, 0.0, 0.0, 1.0], "bins": [-5.430316818433312e-08, -5.2458304367064557e-08, -5.0613444102509675e-08, -4.8768580285241114e-08, -4.6923716467972554e-08, -4.507885265070399e-08, -4.323398883343543e-08, -4.138912856888055e-08, -3.954426475161199e-08, -3.769940093434343e-08, -3.585454066978855e-08, -3.400967685251999e-08, -3.216481303525143e-08, -3.0319949217982867e-08, -2.8475087177071146e-08, -2.6630225136159424e-08, -2.4785361318890864e-08, -2.2940497501622303e-08, -2.1095635460710582e-08, -1.925077341979886e-08, -1.74059096025303e-08, -1.556104578526174e-08, -1.3716183744350019e-08, -1.1871320815259878e-08, -1.0026457886169737e-08, -8.181594957079596e-09, -6.336732027989456e-09, -4.491869098899315e-09, -2.647006169809174e-09, -8.021432407190332e-10, 1.0427196883711076e-09, 2.8875826174612484e-09, 4.7324419938377105e-09, 6.577304922927851e-09, 8.422167852017992e-09, 1.0267030781108133e-08, 1.2111893710198274e-08, 1.3956756639288415e-08, 1.5801619568378555e-08, 1.7646481609290277e-08, 1.9491345426558837e-08, 2.1336209243827398e-08, 2.318107128473912e-08, 2.502593332565084e-08, 2.68707971429194e-08, 2.871566096018796e-08, 3.056052122474284e-08, 3.24053850420114e-08, 3.4250248859279964e-08, 3.6095112676548524e-08, 3.7939976493817085e-08, 3.9784836758371966e-08, 4.162970057564053e-08, 4.347456439290909e-08, 4.531942465746397e-08, 4.716428847473253e-08, 4.900915229200109e-08, 5.085401610926965e-08, 5.269887992653821e-08, 5.454374019109309e-08, 5.6388604008361654e-08, 5.8233467825630214e-08, 6.00783280901851e-08, 6.192319546016734e-08, 6.376805572472222e-08]}, "gradients/fc1.weight": {"_type": "histogram", "values": [4.0, 3.0, 3.0, 6.0, 13.0, 7.0, 13.0, 20.0, 16.0, 16.0, 17.0, 19.0, 24.0, 23.0, 29.0, 35.0, 61.0, 3706.0, 3720.0, 126.0, 7663.0, 11517.0, 14048.0, 13726.0, 8363.0, 18157.0, 21576.0, 35485.0, 23528.0, 560497.0, 30950.0, 25198.0, 49490.0, 23963.0, 26103.0, 16100.0, 10044.0, 18952.0, 7403.0, 3820.0, 3770.0, 3705.0, 54.0, 3698.0, 51.0, 39.0, 29.0, 20.0, 18.0, 12.0, 11.0, 16.0, 9.0, 7.0, 7.0, 8.0, 2.0, 6.0, 4.0, 3.0, 2.0, 1.0, 2.0, 2.0], "bins": [-0.0003596559399738908, -0.0003475453704595566, -0.0003354348009452224, -0.0003233242314308882, -0.0003112136328127235, -0.0002991030632983893, -0.0002869924937840551, -0.0002748819242697209, -0.0002627713547553867, -0.0002506607852410525, -0.00023855020117480308, -0.00022643963166046888, -0.00021432906214613467, -0.00020221847807988524, -0.00019010790856555104, -0.00017799733905121684, -0.0001658867549849674, -0.0001537761854706332, -0.00014166560140438378, -0.00012955503189004958, -0.00011744446237571537, -0.00010533388558542356, -9.322330879513174e-05, -8.111273928079754e-05, -6.900215521454811e-05, -5.68915820622351e-05, -4.478100890992209e-05, -3.267043211963028e-05, -2.0559858967317268e-05, -8.44928581500426e-06, 3.6612909752875566e-06, 1.577186048962176e-05, 2.788243000395596e-05, 3.999300315626897e-05, 5.210357630858198e-05, 6.42141530988738e-05, 7.6324722613208e-05, 8.843529940349981e-05, 0.00010054587619379163, 0.00011265644570812583, 0.00012476701522246003, 0.00013687758473679423, 0.00014898816880304366, 0.00016109873831737787, 0.00017320930783171207, 0.0001853198918979615, 0.0001974304614122957, 0.0002095410309266299, 0.00022165161499287933, 0.00023376218450721353, 0.00024587276857346296, 0.00025798333808779716, 0.00027009390760213137, 0.00028220447711646557, 0.00029431504663079977, 0.00030642561614513397, 0.00031853621476329863, 0.00033064678427763283, 0.00034275735379196703, 0.0003548679524101317, 0.0003669785219244659, 0.0003790890914388001, 0.0003911996609531343, 0.0004033102304674685, 0.0004154207999818027]}, "_runtime": 69.01743388175964, "_step": 0, "_wandb": {"runtime": 68}}