{"train/train_loss": 5.389501529862173e-05, "train/epoch": 9950, "train/accuracy": 100.0, "train/validation_accuracy": 86.95651888847351, "train/validation_loss": 0.029684976391170338, "_timestamp": 1681674297.86165, "_runtime": 134.072683095932, "_step": 200, "gradients/fc2.bias": {"_type": "histogram", "values": [1.0, 0.0, 0.0, 0.0, 0.0, 0.0, 0.0, 0.0, 0.0, 0.0, 0.0, 0.0, 1.0, 0.0, 0.0, 0.0, 0.0, 0.0, 0.0, 0.0, 0.0, 0.0, 0.0, 0.0, 0.0, 0.0, 0.0, 0.0, 0.0, 0.0, 0.0, 0.0, 0.0, 0.0, 0.0, 1.0, 0.0, 0.0, 0.0, 0.0, 2.0, 0.0, 0.0, 0.0, 0.0, 0.0, 0.0, 1.0, 0.0, 0.0, 0.0, 3.0, 0.0, 0.0, 0.0, 0.0, 0.0, 0.0, 0.0, 0.0, 0.0, 0.0, 1.0, 1.0], "bins": [-2.366878106840886e-06, -2.3099503323464887e-06, -2.2530225578520913e-06, -2.1960950107313693e-06, -2.139167236236972e-06, -2.0822394617425743e-06, -2.025311687248177e-06, -1.9683839127537794e-06, -1.9114563656330574e-06, -1.85452859113866e-06, -1.7976009303311002e-06, -1.7406731558367028e-06, -1.683745495029143e-06, -1.6268177205347456e-06, -1.5698899460403481e-06, -1.5129621715459507e-06, -1.4560343970515532e-06, -1.3991066225571558e-06, -1.342178961749596e-06, -1.2852511872551986e-06, -1.2283235264476389e-06, -1.1713957519532414e-06, -1.114467977458844e-06, -1.0575402029644465e-06, -1.0006125421568868e-06, -9.436848245059082e-07, -8.867571068549296e-07, -8.298293323605321e-07, -7.729016147095535e-07, -7.15973897058575e-07, -6.590461225641775e-07, -6.021184049131989e-07, -5.451906872622203e-07, -4.882629696112417e-07, -4.313352235385537e-07, -3.7440747746586567e-07, -3.174797598148871e-07, -2.605520421639085e-07, -2.0362429609122046e-07, -1.4669655001853243e-07, -8.976883236755384e-08, -3.284110050572053e-08, 2.4086631356112775e-08, 8.101436321794608e-08, 1.379420950797794e-07, 1.9486981273075799e-07, 2.51797558803446e-07, 3.0872530487613403e-07, 3.656530225271126e-07, 4.225807401780912e-07, 4.795084578290698e-07, 5.364362323234673e-07, 5.933639499744459e-07, 6.502916676254245e-07, 7.072194421198219e-07, 7.641471597708005e-07, 8.210748774217791e-07, 8.780025950727577e-07, 9.349303127237363e-07, 9.918580872181337e-07, 1.0487858617125312e-06, 1.105713522520091e-06, 1.1626412970144884e-06, 1.219568957822048e-06, 1.2764967323164456e-06]}, "gradients/fc2.weight": {"_type": "histogram", "values": [2.0, 0.0, 2.0, 2.0, 2.0, 2.0, 0.0, 4.0, 3.0, 2.0, 6.0, 8.0, 5.0, 8.0, 7.0, 14.0, 7.0, 15.0, 16.0, 23.0, 39.0, 18.0, 35.0, 44.0, 55.0, 74.0, 65.0, 94.0, 93.0, 108.0, 981.0, 276.0, 167.0, 124.0, 88.0, 70.0, 52.0, 65.0, 36.0, 38.0, 34.0, 19.0, 28.0, 14.0, 13.0, 10.0, 15.0, 5.0, 3.0, 2.0, 5.0, 0.0, 4.0, 3.0, 3.0, 1.0, 2.0, 1.0, 0.0, 2.0, 0.0, 1.0, 0.0, 1.0], "bins": [-0.00017043818661477417, -0.00016491967835463583, -0.0001594011700944975, -0.00015388266183435917, -0.00014836416812613606, -0.00014284565986599773, -0.0001373271516058594, -0.00013180864334572107, -0.00012629013508558273, -0.0001207716268254444, -0.00011525311856530607, -0.00010973461758112535, -0.00010421610932098702, -9.869760106084868e-05, -9.317910007666796e-05, -8.766059181652963e-05, -8.21420835563913e-05, -7.662357529625297e-05, -7.110506703611463e-05, -6.558656605193391e-05, -6.006805779179558e-05, -5.454954953165725e-05, -4.903104490949772e-05, -4.35125402873382e-05, -3.7994032027199864e-05, -3.247552376706153e-05, -2.6957019144902006e-05, -2.1438512703753076e-05, -1.5920006262604147e-05, -1.0401499821455218e-05, -4.882993380306289e-06, 6.355112418532372e-07, 6.154034053906798e-06, 1.1672540495055728e-05, 1.7191046936204657e-05, 2.2709553377353586e-05, 2.8228059818502516e-05, 3.374656807864085e-05, 3.9265072700800374e-05, 4.47835773229599e-05, 5.030208558309823e-05, 5.5820593843236566e-05, 6.13391021033749e-05, 6.685760308755562e-05, 7.237611134769395e-05, 7.789461960783228e-05, 8.3413120592013e-05, 8.893162885215133e-05, 9.445013711228967e-05, 9.9968645372428e-05, 0.00010548715363256633, 0.00011100565461674705, 0.00011652416287688538, 0.00012204267113702372, 0.00012756117212120444, 0.00013307968038134277, 0.0001385981886414811, 0.00014411669690161943, 0.00014963520516175777, 0.0001551537134218961, 0.0001606722071301192, 0.00016619071539025754, 0.00017170922365039587, 0.0001772277319105342, 0.00018274624017067254]}, "gradients/fc1.bias": {"_type": "histogram", "values": [1.0, 1.0, 1.0, 0.0, 0.0, 0.0, 0.0, 3.0, 0.0, 1.0, 0.0, 3.0, 0.0, 2.0, 0.0, 1.0, 0.0, 3.0, 3.0, 6.0, 8.0, 6.0, 5.0, 8.0, 6.0, 9.0, 12.0, 8.0, 8.0, 10.0, 59.0, 11.0, 12.0, 13.0, 8.0, 8.0, 4.0, 4.0, 1.0, 4.0, 5.0, 5.0, 1.0, 3.0, 1.0, 2.0, 1.0, 0.0, 3.0, 2.0, 0.0, 0.0, 1.0, 1.0, 1.0, 0.0, 0.0, 0.0, 0.0, 0.0, 0.0, 0.0, 0.0, 1.0], "bins": [-3.6329780073174334e-07, -3.514092554723902e-07, -3.3952068179132766e-07, -3.2763213653197454e-07, -3.15743562850912e-07, -3.0385501759155886e-07, -2.919664439104963e-07, -2.800778986511432e-07, -2.6818935339179006e-07, -2.5630080813243694e-07, -2.444122344513744e-07, -2.3252368919202127e-07, -2.2063512972181343e-07, -2.087465702516056e-07, -1.9685801078139775e-07, -1.8496945131118991e-07, -1.7308089184098208e-07, -1.6119233237077424e-07, -1.493037729005664e-07, -1.3741521343035856e-07, -1.2552666817100544e-07, -1.136381087007976e-07, -1.0174954923058976e-07, -8.986099686580928e-08, -7.797243029017409e-08, -6.608387081996625e-08, -5.419531845518577e-08, -4.230675898497793e-08, -3.0418203067483773e-08, -1.8529647149989614e-08, -6.641087679781776e-09, 5.247464684998704e-09, 1.7136017049779184e-08, 2.9024572967273343e-08, 4.09131288847675e-08, 5.280168835497534e-08, 6.469024071975582e-08, 7.657880018996366e-08, 8.84673596601715e-08, 1.0035591202495198e-07, 1.1224446438973246e-07, 1.241330238599403e-07, 1.3602158333014813e-07, 1.4791012858950126e-07, 1.597986880597091e-07, 1.7168724752991693e-07, 1.8357580700012477e-07, 1.954643664703326e-07, 2.0735292594054044e-07, 2.1924148541074828e-07, 2.3113004488095612e-07, 2.4301860435116396e-07, 2.549071496105171e-07, 2.6679572329157963e-07, 2.7868426855093276e-07, 2.905728138102859e-07, 3.0246138749134843e-07, 3.1434993275070156e-07, 3.262385064317641e-07, 3.3812705169111723e-07, 3.500156253721798e-07, 3.619041706315329e-07, 3.7379271589088603e-07, 3.856812895719486e-07, 3.975698348313017e-07]}, "gradients/fc1.weight": {"_type": "histogram", "values": [3.0, 11.0, 14.0, 39.0, 29.0, 44.0, 57.0, 103.0, 111.0, 122.0, 116.0, 123.0, 124.0, 122.0, 159.0, 153.0, 221.0, 314.0, 475.0, 619.0, 750.0, 952.0, 1193.0, 1541.0, 1881.0, 2738.0, 4113.0, 5656.0, 8781.0, 14542.0, 23527.0, 42040.0, 80846.0, 183754.0, 386750.0, 78463.0, 41022.0, 22627.0, 13460.0, 8782.0, 5607.0, 3715.0, 2472.0, 1607.0, 1132.0, 948.0, 700.0, 722.0, 640.0, 467.0, 370.0, 272.0, 260.0, 211.0, 154.0, 76.0, 49.0, 52.0, 34.0, 20.0, 22.0, 7.0, 2.0, 4.0],