{"epoch/loss": 0.0004383829946164042, "epoch/val_loss": 0.9610962271690369, "epoch/epoch": 760, "_timestamp": 1681679319.4874475, "_runtime": 3847.106157541275, "_step": 760}