{"train/train_loss": 3.655687396530993e-05, "train/epoch": 9500, "train/accuracy": 100.0, "train/validation_accuracy": 82.6086938381195, "train/validation_loss": 0.048660413078639816, "_timestamp": 1681674442.5879462, "_runtime": 124.02049207687378, "_step": 190, "gradients/fc2.bias": {"_type": "histogram", "values": [1.0, 0.0, 0.0, 0.0, 0.0, 0.0, 0.0, 0.0, 0.0, 0.0, 0.0, 0.0, 0.0, 0.0, 0.0, 1.0, 0.0, 0.0, 0.0, 0.0, 0.0, 0.0, 0.0, 0.0, 0.0, 0.0, 0.0, 1.0, 0.0, 1.0, 0.0, 0.0, 0.0, 2.0, 1.0, 0.0, 0.0, 1.0, 0.0, 0.0, 0.0, 0.0, 0.0, 0.0, 0.0, 1.0, 0.0, 1.0, 0.0, 0.0, 0.0, 0.0, 0.0, 0.0, 0.0, 0.0, 0.0, 0.0, 0.0, 0.0, 0.0, 0.0, 0.0, 1.0], "bins": [-2.125467972291517e-06, -2.061739223790937e-06, -1.998010475290357e-06, -1.934281726789777e-06, -1.8705528646023595e-06, -1.8068241161017795e-06, -1.7430952539143618e-06, -1.6793665054137819e-06, -1.6156377569132019e-06, -1.551909008412622e-06, -1.488180259912042e-06, -1.4244513977246243e-06, -1.3607226492240443e-06, -1.2969939007234643e-06, -1.2332650385360466e-06, -1.1695362900354667e-06, -1.1058075415348867e-06, -1.0420787930343067e-06, -9.783500445337268e-07, -9.146211823463091e-07, -8.508924338457291e-07, -7.871636853451491e-07, -7.234348800011503e-07, -6.597060746571515e-07, -5.959773261565715e-07, -5.322485776559915e-07, -4.685197723119927e-07, -4.047909953897033e-07, -3.410622184674139e-07, -2.773334415451245e-07, -2.1360466462283512e-07, -1.4987588770054572e-07, -8.614688340458088e-08, -2.2418106482291478e-08, 4.131067043999792e-08, 1.0503944736228732e-07, 1.6876822428457672e-07, 2.3249700120686612e-07, 2.962257781291555e-07, 3.599545550514449e-07, 4.236833319737343e-07, 4.874120804743143e-07, 5.511408858183131e-07, 6.148696911623119e-07, 6.785984396628919e-07, 7.423271881634719e-07, 8.060559935074707e-07, 8.697847988514695e-07, 9.335135473520495e-07, 9.972422958526295e-07, 1.0609710443532094e-06, 1.1246999065406271e-06, 1.188428655041207e-06, 1.252157403541787e-06, 1.3158862657292048e-06, 1.3796150142297847e-06, 1.4433437627303647e-06, 1.5070725112309447e-06, 1.5708012597315246e-06, 1.6345301219189423e-06, 1.6982588704195223e-06, 1.7619876189201022e-06, 1.82571648110752e-06, 1.8894452296081e-06, 1.95317397810868e-06]}, "gradients/fc2.weight": {"_type": "histogram", "values": [1.0, 0.0, 0.0, 0.0, 0.0, 0.0, 0.0, 0.0, 0.0, 0.0, 1.0, 1.0, 3.0, 8.0, 2.0, 5.0, 1.0, 9.0, 6.0, 12.0, 8.0, 17.0, 12.0, 20.0, 17.0, 17.0, 25.0, 33.0, 46.0, 64.0, 75.0, 76.0, 121.0, 185.0, 1143.0, 248.0, 149.0, 127.0, 81.0, 64.0, 46.0, 37.0, 33.0, 22.0, 17.0, 11.0, 10.0, 14.0, 9.0, 11.0, 7.0, 2.0, 1.0, 5.0, 5.0, 1.0, 2.0, 0.0, 1.0, 1.0, 2.0, 0.0, 0.0, 2.0], "bins": [-0.0002030798204941675, -0.000197206434677355, -0.0001913330634124577, -0.0001854596775956452, -0.0001795863063307479, -0.0001737129205139354, -0.0001678395492490381, -0.00016196616343222558, -0.00015609277761541307, -0.00015021939179860055, -0.00014434602053370327, -0.00013847263471689075, -0.00013259926345199347, -0.00012672587763518095, -0.00012085249909432605, -0.00011497912055347115, -0.00010910574928857386, -0.00010323237074771896, -9.735899220686406e-05, -9.148560639005154e-05, -8.561223512515426e-05, -7.973884930834174e-05, -7.386547076748684e-05, -6.799209222663194e-05, -6.211870640981942e-05, -5.624532786896452e-05, -5.037194932810962e-05, -4.4498567149275914e-05, -3.862518860842101e-05, -3.275181006756611e-05, -2.6878427888732404e-05, -2.1005049347877502e-05, -1.5131663531064987e-05, -9.258284080715384e-06, -3.3849046303657815e-06, 2.488475729478523e-06, 8.361854270333424e-06, 1.4235232811188325e-05, 2.0108614990022033e-05, 2.5981993530876935e-05, 3.185536479577422e-05, 3.772874333662912e-05, 4.3602121877484024e-05, 4.947550405631773e-05, 5.534888259717263e-05, 6.122226477600634e-05, 6.709564331686124e-05, 7.296902185771614e-05, 7.884240767452866e-05, 8.471578621538356e-05, 9.058916475623846e-05, 9.646255057305098e-05, 0.00010233592183794826, 0.00010820930765476078, 0.00011408268619561568, 0.00011995606473647058, 0.0001258294505532831, 0.0001317028363700956, 0.0001375762076349929, 0.0001434495934518054, 0.0001493229647167027, 0.00015519635053351521, 0.00016106973635032773, 0.00016694310761522502, 0.0001728164788801223]}, "gradients/fc1.bias": {"_type": "histogram", "values": [1.0, 0.0, 1.0, 0.0, 0.0, 0.0, 1.0, 1.0, 2.0, 1.0, 1.0, 1.0, 2.0, 2.0, 2.0, 1.0, 2.0, 4.0, 0.0, 3.0, 2.0, 2.0, 3.0, 8.0, 7.0, 7.0, 7.0, 9.0, 8.0, 12.0, 8.0, 7.0, 52.0, 14.0, 12.0, 6.0, 13.0, 11.0, 8.0, 5.0, 4.0, 1.0, 4.0, 4.0, 5.0, 3.0, 1.0, 2.0, 2.0, 1.0, 0.0, 0.0, 1.0, 0.0, 0.0, 1.0, 0.0, 0.0, 0.0, 0.0, 0.0, 0.0, 0.0, 1.0], "bins": [-3.434711857153161e-07, -3.3290424994447676e-07, -3.223373141736374e-07, -3.117704068245075e-07, -3.012034710536682e-07, -2.9063653528282885e-07, -2.8006962793369894e-07, -2.695026921628596e-07, -2.5893575639202027e-07, -2.4836882062118093e-07, -2.378018990611963e-07, -2.272349775012117e-07, -2.1666804173037235e-07, -2.0610110595953302e-07, -1.955341843995484e-07, -1.8496726283956377e-07, -1.7440032706872444e-07, -1.638333912978851e-07, -1.5326646973790048e-07, -1.4269954817791586e-07, -1.3213261240707652e-07, -1.2156567663623719e-07, -1.1099875507625256e-07, -1.0043182641084059e-07, -8.986489774542861e-08, -7.929796908001663e-08, -6.873104041460465e-08, -5.816411174919267e-08, -4.759718308378069e-08, -3.703025441836871e-08, -2.6463325752956735e-08, -1.5896397087544756e-08, -5.3294968438422075e-09, 5.237431821569771e-09, 1.580436048698175e-08, 2.637128915239373e-08, 3.693821781780571e-08, 4.7505146483217686e-08, 5.8072075148629665e-08, 6.863900381404164e-08, 7.920593247945362e-08, 8.97728611448656e-08, 1.0033978981027758e-07, 1.1090671847568956e-07, 1.2147364714110154e-07, 1.3204058291194087e-07, 1.426075044719255e-07, 1.5317442603191012e-07, 1.6374136180274945e-07, 1.743082975735888e-07, 1.848752191335734e-07, 1.9544214069355803e-07, 2.0600907646439737e-07, 2.165760122352367e-07, 2.2714293379522132e-07, 2.3770985535520595e-07, 2.482767911260453e-07, 2.588437268968846e-07, 2.694106342460145e-07, 2.7997757001685386e-07, 2.905445057876932e-07, 3.0111144155853253e-07, 3.1167837732937187e-07, 3.222452846785018e-07, 3.328122204493411e-07]}, "gradients/fc1.weight": {"_type": "histogram", "values": [2.0, 6.0, 10.0, 14.0, 16.0, 19.0, 25.0, 28.0, 36.0, 58.0, 65.0, 77.0, 120.0, 199.0, 288.0, 413.0, 653.0, 816.0, 1112.0, 1435.0, 1958.0, 2426.0, 3128.0, 4125.0, 6137.0, 10031.0, 18082.0, 33172.0, 66344.0, 155455.0, 436316.0, 106099.0, 44327.0, 21049.0, 10640.0, 6134.0, 3712.0, 2469.0, 1899.0, 1486.0, 1159.0, 954.0, 707.0, 474.0, 357.0, 317.0, 306.0, 271.0, 253.0, 227.0, 129.0, 79.0, 64.0, 31.0, 36.0, 27.0, 25.0, 21.0, 24.0, 20.0, 24.0, 21.0, 9.0, 4.0],