{"train/train_loss": 4.764812911162153e-05, "train/epoch": 2450, "train/accuracy": 100.0, "train/validation_accuracy": 100.0, "train/validation_loss": 6.891083363110998e-06, "_timestamp": 1681519416.7237885, "_runtime": 67.54088640213013, "_step": 49, "gradients/fc2.bias": {"_type": "histogram", "values": [1.0, 0.0, 0.0, 0.0, 0.0, 0.0, 0.0, 0.0, 0.0, 0.0, 0.0, 0.0, 0.0, 0.0, 0.0, 0.0, 0.0, 0.0, 0.0, 0.0, 0.0, 0.0, 0.0, 0.0, 0.0, 0.0, 0.0, 0.0, 1.0, 0.0, 0.0, 0.0, 0.0, 0.0, 0.0, 0.0, 0.0, 0.0, 0.0, 0.0, 0.0, 0.0, 0.0, 0.0, 0.0, 0.0, 0.0, 0.0, 0.0, 0.0, 0.0, 0.0, 0.0, 0.0, 0.0, 0.0, 0.0, 0.0, 0.0, 0.0, 0.0, 0.0, 0.0, 1.0], "bins": [-5.956975292065181e-05, -5.76420861762017e-05, -5.571441579377279e-05, -5.378674904932268e-05, -5.185908230487257e-05, -4.993141192244366e-05, -4.800374517799355e-05, -4.6076078433543444e-05, -4.414840805111453e-05, -4.222074130666442e-05, -4.029307092423551e-05, -3.83654041797854e-05, -3.6437733797356486e-05, -3.451006705290638e-05, -3.258240030845627e-05, -3.065472992602736e-05, -2.872706318157725e-05, -2.679939461813774e-05, -2.487172605469823e-05, -2.294405931024812e-05, -2.101639074680861e-05, -1.90887221833691e-05, -1.7161055438918993e-05, -1.5233386875479482e-05, -1.3305718312039971e-05, -1.137804974860046e-05, -9.450382094655652e-06, -7.522713985963492e-06, -5.595045877271332e-06, -3.667377313831821e-06, -1.739709659887012e-06, 1.879579940577969e-07, 2.1156301954761147e-06, 4.043298304168275e-06, 5.9709664128604345e-06, 7.898634066805243e-06, 9.826302630244754e-06, 1.1753971193684265e-05, 1.3681638847629074e-05, 1.5609306501573883e-05, 1.7536975065013394e-05, 1.9464643628452905e-05, 2.1392312191892415e-05, 2.3319978936342523e-05, 2.5247647499782033e-05, 2.7175316063221544e-05, 2.910298280767165e-05, 3.103064955212176e-05, 3.295831993455067e-05, 3.488598667900078e-05, 3.6813657061429694e-05, 3.87413238058798e-05, 4.0668994188308716e-05, 4.259666093275882e-05, 4.452432767720893e-05, 4.6451998059637845e-05, 4.837966480408795e-05, 5.030733154853806e-05, 5.223500193096697e-05, 5.416266867541708e-05, 5.609033541986719e-05, 5.80180058022961e-05, 5.994567254674621e-05, 6.187333929119632e-05, 6.380100967362523e-05]}, "gradients/fc2.weight": {"_type": "histogram", "values": [1.0, 0.0, 0.0, 0.0, 0.0, 0.0, 2.0, 1.0, 1.0, 3.0, 2.0, 3.0, 3.0, 6.0, 4.0, 3.0, 5.0, 4.0, 8.0, 12.0, 9.0, 15.0, 19.0, 20.0, 24.0, 28.0, 30.0, 33.0, 358.0, 15.0, 19.0, 16.0, 11.0, 10.0, 10.0, 9.0, 10.0, 8.0, 8.0, 9.0, 5.0, 7.0, 5.0, 5.0, 3.0, 1.0, 4.0, 4.0, 1.0, 3.0, 2.0, 1.0, 2.0, 2.0, 0.0, 1.0, 1.0, 0.0, 0.0, 0.0, 0.0, 1.0, 0.0, 1.0], "bins": [-0.008458313532173634, -0.00816346611827612, -0.007868618704378605, -0.007573771756142378, -0.0072789243422448635, -0.006984076928347349, -0.006689229980111122, -0.006394382566213608, -0.0060995351523160934, -0.005804687738418579, -0.005509840324521065, -0.005214993376284838, -0.004920145962387323, -0.004625298548489809, -0.004330451600253582, -0.004035604186356068, -0.0037407567724585533, -0.003445909358561039, -0.0031510621774941683, -0.0028562149964272976, -0.0025613675825297832, -0.002266520168632269, -0.001971672987565398, -0.0016768258064985275, -0.0013819783926010132, -0.0010871310951188207, -0.0007922837976366282, -0.0004974365001544356, -0.00020258920267224312, 9.22580948099494e-05, 0.0003871053922921419, 0.0006819525733590126, 0.0009767990559339523, 0.0012716463534161448, 0.0015664936508983374, 0.0018613409483805299, 0.0021561882458627224, 0.0024510356597602367, 0.0027458828408271074, 0.003040730021893978, 0.0033355774357914925, 0.003630424849689007, 0.003925272263586521, 0.004220119211822748, 0.0045149666257202625, 0.004809814039617777, 0.005104660987854004, 0.005399508401751518, 0.005694355815649033, 0.005989203229546547, 0.006284050643444061, 0.006578897591680288, 0.006873745005577803, 0.007168592419475317, 0.007463439367711544, 0.007758286781609058, 0.008053134195506573, 0.008347981609404087, 0.008642829023301601, 0.008937676437199116, 0.009232522919774055, 0.00952737033367157, 0.009822217747569084, 0.010117065161466599, 0.010411912575364113]}, "gradients/fc1.bias": {"_type": "histogram", "values": [1.0, 1.0, 2.0, 4.0, 0.0, 2.0, 0.0, 2.0, 0.0, 0.0, 0.0, 1.0, 0.0, 0.0, 1.0, 4.0, 3.0, 2.0, 3.0, 3.0, 1.0, 1.0, 3.0, 2.0, 3.0, 5.0, 7.0, 8.0, 3.0, 7.0, 98.0, 22.0, 11.0, 3.0, 2.0, 2.0, 4.0, 1.0, 2.0, 2.0, 3.0, 7.0, 2.0, 2.0, 4.0, 0.0, 0.0, 4.0, 1.0, 1.0, 3.0, 3.0, 2.0, 1.0, 0.0, 1.0, 1.0, 2.0, 0.0, 0.0, 0.0, 1.0, 1.0, 1.0], "bins": [-6.450800356105901e-06, -6.24188942310866e-06, -6.032978944858769e-06, -5.824068011861527e-06, -5.615157533611637e-06, -5.406246600614395e-06, -5.197335667617153e-06, -4.988425189367263e-06, -4.779514711117372e-06, -4.57060377812013e-06, -4.3616932998702396e-06, -4.152782366872998e-06, -3.943871888623107e-06, -3.7349609556258656e-06, -3.5260502500022994e-06, -3.3171395443787333e-06, -3.1082286113814916e-06, -2.8993179057579255e-06, -2.6904072001343593e-06, -2.4814962671371177e-06, -2.272585788887227e-06, -2.0636748558899853e-06, -1.8547641502664192e-06, -1.645853444642853e-06, -1.4369425116456114e-06, -1.2280318060220452e-06, -1.019121100398479e-06, -8.102102810880751e-07, -6.01299575464509e-07, -3.923888698409428e-07, -1.834780505305389e-07, 2.543265509302728e-08, 2.3434267859556712e-07, 4.432534126408427e-07, 6.521641466861183e-07, 8.610749091531034e-07, 1.0699856147766695e-06, 1.2788963204002357e-06, 1.4878071397106396e-06, 1.6967178453342058e-06, 1.9056283235840965e-06, 2.1145390292076627e-06, 2.323449734831229e-06, 2.5323606678284705e-06, 2.741271146078361e-06, 2.950182079075603e-06, 3.159092784699169e-06, 3.368003490322735e-06, 3.5769144233199768e-06, 3.785825128943543e-06, 3.994735834567109e-06, 4.203646767564351e-06, 4.4125572458142415e-06, 4.621468178811483e-06, 4.830379111808725e-06, 5.0392895900586154e-06, 5.248200068308506e-06, 5.457111001305748e-06, 5.6660214795556385e-06, 5.87493241255288e-06, 6.083842890802771e-06, 6.2927538238000125e-06, 6.501664756797254e-06, 6.710575235047145e-06, 6.9194861680443864e-06]}, "gradients/fc1.weight": {"_type": "histogram", "values": [13.0, 33.0, 63.0, 137.0, 223.0, 284.0, 382.0, 350.0, 304.0, 272.0, 296.0, 256.0, 247.0, 286.0, 219.0, 268.0, 445.0, 728.0, 903.0, 945.0, 1066.0, 924.0, 985.0, 1664.0, 3091.0, 4935.0, 7973.0, 11373.0, 22939.0, 50628.0, 656482.0, 91220.0, 30206.0, 16884.0, 11807.0, 7215.0, 4144.0, 2635.0, 2014.0, 1633.0, 1417.0, 1065.0, 860.0, 681.0, 567.0, 682.0, 634.0, 589.0, 607.0, 513.0, 322.0, 188.0, 208.0, 211.0, 192.0, 168.0, 136.0, 108.0, 93.0, 69.0, 59.0, 43.0, 24.0, 12.0],