{"train/train_loss": 0.00030969438375905156, "train/epoch": 3999, "train/accuracy": 100.0, "_timestamp": 1675469213.2045221, "_runtime": 65.13561820983887, "_step": 3999, "gradients/fc2.bias": {"_type": "histogram", "values": [1.0, 0.0, 0.0, 0.0, 0.0, 0.0, 0.0, 0.0, 0.0, 0.0, 0.0, 0.0, 0.0, 0.0, 0.0, 0.0, 0.0, 0.0, 0.0, 0.0, 0.0, 0.0, 0.0, 0.0, 0.0, 0.0, 0.0, 0.0, 0.0, 1.0, 0.0, 0.0, 1.0, 0.0, 0.0, 0.0, 0.0, 0.0, 1.0, 0.0, 0.0, 1.0, 3.0, 0.0, 1.0, 0.0, 0.0, 0.0, 0.0, 1.0, 0.0, 1.0, 0.0, 1.0, 0.0, 0.0, 0.0, 0.0, 1.0, 0.0, 0.0, 0.0, 0.0, 1.0], "bins": [-5.551799517888867e-07, -5.420207571660285e-07, -5.288615056997514e-07, -5.157023110768932e-07, -5.025430596106162e-07, -4.89383864987758e-07, -4.7622461352148093e-07, -4.6306541889862274e-07, -4.499061674323457e-07, -4.3674694438777806e-07, -4.2358772134321043e-07, -4.104284982986428e-07, -3.972692752540752e-07, -3.8411005220950756e-07, -3.7095082916493993e-07, -3.5779163454208174e-07, -3.446324114975141e-07, -3.314731884529465e-07, -3.1831396540837886e-07, -3.0515474236381124e-07, -2.919955193192436e-07, -2.78836296274676e-07, -2.656771016518178e-07, -2.5251785018554074e-07, -2.3935865556268254e-07, -2.2619943251811492e-07, -2.130402094735473e-07, -1.9988098642897967e-07, -1.8672176338441204e-07, -1.7356254033984442e-07, -1.604033315061315e-07, -1.4724410846156388e-07, -1.3408489962785097e-07, -1.2092567658328335e-07, -1.0776645353871572e-07, -9.460723759957546e-08, -8.144801455500783e-08, -6.82887915104402e-08, -5.512957557129994e-08, -4.197035252673231e-08, -2.8811115271309973e-08, -1.5651894003099187e-08, -2.4926727348884015e-09, 1.0666546756965545e-08, 2.382576980153317e-08, 3.6984992846100795e-08, 5.014420878524106e-08, 6.330343182980869e-08, 7.64626406635216e-08, 8.962186370808922e-08, 1.0278108675265685e-07, 1.1594030269179711e-07, 1.290995328417921e-07, 1.4225875588635972e-07, 1.5541796472007263e-07, 1.6857718776464026e-07, 1.8173641080920788e-07, 1.948956338537755e-07, 2.0805485689834313e-07, 2.2121406573205604e-07, 2.3437328877662367e-07, 2.475325118211913e-07, 2.606917348657589e-07, 2.7385095791032654e-07, 2.8701018095489417e-07]}, "gradients/fc2.weight": {"_type": "histogram", "values": [2.0, 0.0, 3.0, 0.0, 0.0, 1.0, 0.0, 2.0, 0.0, 2.0, 3.0, 1.0, 3.0, 3.0, 2.0, 3.0, 3.0, 6.0, 6.0, 0.0, 1.0, 5.0, 6.0, 6.0, 5.0, 3.0, 5.0, 4.0, 5.0, 6.0, 10.0, 95.0, 3195.0, 112.0, 5.0, 7.0, 4.0, 4.0, 2.0, 8.0, 5.0, 4.0, 4.0, 3.0, 1.0, 6.0, 6.0, 3.0, 1.0, 3.0, 3.0, 2.0, 2.0, 3.0, 2.0, 0.0, 0.0, 2.0, 1.0, 0.0, 1.0, 2.0, 1.0, 1.0], "bins": [-0.012172206304967403, -0.011797094717621803, -0.011421983130276203, -0.011046871542930603, -0.010671759955585003, -0.010296648368239403, -0.009921537712216377, -0.009546425193548203, -0.009171314537525177, -0.008796202950179577, -0.008421091362833977, -0.008045979775488377, -0.0076708681881427765, -0.007295756600797176, -0.0069206454791128635, -0.006545533891767263, -0.006170421838760376, -0.005795310251414776, -0.005420198664069176, -0.005045087076723576, -0.0046699754893779755, -0.004294863902032375, -0.0039197527803480625, -0.0035446411930024624, -0.0031695300713181496, -0.0027944184839725494, -0.0024193068966269493, -0.002044195542111993, -0.0016690839547663927, -0.0012939723674207926, -0.0009188610129058361, -0.000543749425560236, -0.00016863644123077393, 0.0002064750879071653, 0.0005815866170451045, 0.0009566980879753828, 0.001331809675320983, 0.001706921262666583, 0.0020820326171815395, 0.0024571442045271397, 0.002832256257534027, 0.0032073678448796272, 0.0035824794322252274, 0.0039575910195708275, 0.004332702606916428, 0.004707814194262028, 0.0050829253159463406, 0.005458036903291941, 0.0058331480249762535, 0.006208259612321854, 0.006583371199667454, 0.006958482787013054, 0.007333594374358654, 0.007708705961704254, 0.00808381661772728, 0.008458929136395454, 0.00883403979241848, 0.00920915137976408, 0.00958426296710968, 0.00995937455445528, 0.01033448614180088, 0.01070959772914648, 0.01108470931649208, 0.011459819972515106, 0.011834932491183281]}, "gradients/fc1.bias": {"_type": "histogram", "values": [1.0, 0.0, 0.0, 0.0, 0.0, 0.0, 0.0, 0.0, 1.0, 0.0, 1.0, 4.0, 1.0, 1.0, 0.0, 1.0, 2.0, 2.0, 4.0, 2.0, 0.0, 2.0, 3.0, 4.0, 3.0, 3.0, 2.0, 4.0, 3.0, 2.0, 7.0, 159.0, 1.0, 2.0, 3.0, 6.0, 3.0, 1.0, 1.0, 4.0, 3.0, 2.0, 0.0, 4.0, 0.0, 3.0, 4.0, 2.0, 2.0, 0.0, 0.0, 0.0, 1.0, 1.0, 0.0, 0.0, 0.0, 0.0, 0.0, 0.0, 0.0, 0.0, 0.0, 1.0], "bins": [-7.322312001178943e-08, -7.089522569003748e-08, -6.856733847371288e-08, -6.623944415196092e-08, -6.391154983020897e-08, -6.158365550845701e-08, -5.9255768292132416e-08, -5.692787397038046e-08, -5.4599979648628505e-08, -5.227208887959023e-08, -4.994419455783827e-08, -4.7616303788799996e-08, -4.528840946704804e-08, -4.2960518698009764e-08, -4.063262792897149e-08, -3.830473360721953e-08, -3.5976842838181256e-08, -3.364895206914298e-08, -3.1321057747391023e-08, -2.8993166978352747e-08, -2.666527265660079e-08, -2.4337381887562515e-08, -2.20094893421674e-08, -1.9681596796772283e-08, -1.7353706027734006e-08, -1.502581348233889e-08, -1.2697920936943774e-08, -1.0370029279727078e-08, -8.042136734331962e-09, -5.714244188936846e-09, -3.3863525317201493e-09, -1.0584599863250332e-09, 1.2694343354269222e-09, 3.5973266587774333e-09, 5.925218982127944e-09, 8.25311108343385e-09, 1.0581003628828967e-08, 1.2908896174224083e-08, 1.523678783144078e-08, 1.7564680376835895e-08, 1.989257469858785e-08, 2.2220467243982966e-08, 2.4548359789378082e-08, 2.687625055841636e-08, 2.9204144880168315e-08, 3.153203564920659e-08, 3.385992641824487e-08, 3.618782073999682e-08, 3.85157115090351e-08, 4.0843602278073377e-08, 4.317149659982533e-08, 4.549938736886361e-08, 4.7827281690615564e-08, 5.015517245965384e-08, 5.2483066781405796e-08, 5.481095755044407e-08, 5.713884831948235e-08, 5.9466739088520626e-08, 6.17946298575589e-08, 6.412252417931086e-08, 6.645041850106281e-08, 6.877831282281477e-08, 7.110620003913937e-08, 7.343409436089132e-08, 7.576198868264328e-08]}, "gradients/fc1.weight": {"_type": "histogram", "values": [1.0, 0.0, 0.0, 1.0, 0.0, 0.0, 4.0, 0.0, 0.0, 4.0, 1.0, 6.0, 1.0, 3.0, 9.0, 4.0, 6.0, 11.0, 5.0, 15.0, 6.0, 16.0, 11.0, 24.0, 28.0, 30.0, 47.0, 59.0, 118.0, 666.0, 5867.0, 46554.0, 852224.0, 34999.0, 4223.0, 541.0, 109.0, 55.0, 41.0, 38.0, 20.0, 33.0, 17.0, 22.0, 20.0, 15.0, 5.0, 18.0, 10.0, 4.0, 6.0, 7.0, 2.0, 6.0, 1.0, 1.0, 1.0, 2.0, 2.0, 0.0, 0.0, 0.0, 0.0, 1.0], "bins": [-0.016169335693120956, -0.015670984983444214, -0.015172633342444897, -0.01467428170144558, -0.014175930991768837, -0.01367757935076952, -0.013179227709770203, -0.01268087700009346, -0.012182525359094143, -0.011684173718094826, -0.011185823008418083, -0.010687471367418766, -0.010189119726419449, -0.009690769016742706, -0.009192417375743389, -0.008694065734744072, -0.00819571502506733, -0.0076973638497292995, -0.00719901267439127, -0.0067006610333919525, -0.006202309858053923, -0.005703958682715893, -0.005205607041716576, -0.004707255866378546, -0.004208904691040516, -0.003710553515702486, -0.0032122021075338125, -0.002713850699365139, -0.002215499524027109, -0.0017171483486890793, -0.0012187969405204058, -0.0007204455323517323, -0.00022209249436855316, 0.0002762587973847985, 0.0007746100891381502, 0.001272961380891502, 0.0017713126726448536, 0.0022696638479828835, 0.002768015256151557, 0.0032663666643202305, 0.0037647178396582603, 0.00426306901499629, 0.00476142019033432, 0.005259771831333637, 0.005758123006671667, 0.006256474182009697, 0.006754825823009014, 0.007253176998347044, 0.007751528173685074, 0.008249879814684391, 0.008748230524361134, 0.00924658216536045, 0.009744932875037193, 0.01024328451603651, 0.010741636157035828, 0.01123998686671257, 0.011738338507711887, 0.012236690148711205, 0.012735040858387947, 0.013233392499387264, 0.013731744140386581, 0.014230094850063324, 0.014728446491062641, 0.015226798132061958, 0.0157251488417387]}, "_wandb": {"runtime": 64}}